case_index,case_label,peak_demand_kw,segment_id,point_index,path_distance_pct_points,mhp_share_pct,hhp_share_pct,boiler_share_pct,baseline_annual_co2_mean_kg,annual_co2_mean_kg,carbon_saving_kg,carbon_saving_pct,peak_result_csv,co2_result_csv,segment_count_before_selection,segment_selection_method,segment_selection_score_kg
1,10% EV,236.25,1,0,0.0,0.0,91.92917507085048,8.070824929149524,292997.63318918104,95068.46854697695,197929.1646422041,67.55316160332472,E:\Github\LV-network\Output Data\Penetration Sweep\evconst_10_HHPvsMHP_5per_500runperpixel.csv,E:\Github\LV-network\Output Data\Penetration Sweep\evconst_hhp_mhp_boiler_annual_gas_co2.csv,1,highest_mean_carbon_saving,176813.31761596634
1,10% EV,236.25,1,1,2.049084947213924,0.6906755149183647,90.0,9.309324485081632,292997.63318918104,97541.37517874083,195456.25801044022,66.70915934813682,E:\Github\LV-network\Output Data\Penetration Sweep\evconst_10_HHPvsMHP_5per_500runperpixel.csv,E:\Github\LV-network\Output Data\Penetration Sweep\evconst_hhp_mhp_boiler_annual_gas_co2.csv,1,highest_mean_carbon_saving,176813.31761596634
1,10% EV,236.25,1,2,7.780818239312134,5.0,86.22078195733259,8.77921804266741,292997.63318918104,93349.27770851535,199648.3554806657,68.13992089545579,E:\Github\LV-network\Output Data\Penetration Sweep\evconst_10_HHPvsMHP_5per_500runperpixel.csv,E:\Github\LV-network\Output Data\Penetration Sweep\evconst_hhp_mhp_boiler_annual_gas_co2.csv,1,highest_mean_carbon_saving,176813.31761596634
1,10% EV,236.25,1,3,9.252912344981088,5.822649663341887,85.00000000000001,9.177350336658094,292997.63318918104,93221.88403864298,199775.74915053806,68.18340031489197,E:\Github\LV-network\Output Data\Penetration Sweep\evconst_10_HHPvsMHP_5per_500runperpixel.csv,E:\Github\LV-network\Output Data\Penetration Sweep\evconst_hhp_mhp_boiler_annual_gas_co2.csv,1,highest_mean_carbon_saving,176813.31761596634
1,10% EV,236.25,1,4,15.078944334846945,8.813075844831776,80.0,11.186924155168228,292997.63318918104,94434.35066825169,198563.28252092935,67.76958583577436,E:\Github\LV-network\Output Data\Penetration Sweep\evconst_10_HHPvsMHP_5per_500runperpixel.csv,E:\Github\LV-network\Output Data\Penetration Sweep\evconst_hhp_mhp_boiler_annual_gas_co2.csv,1,highest_mean_carbon_saving,176813.31761596634
1,10% EV,236.25,1,5,17.51735116431964,10.0,77.86996739088406,12.130032609115943,292997.63318918104,95400.52781336568,197597.10537581536,67.43982988020657,E:\Github\LV-network\Output Data\Penetration Sweep\evconst_10_HHPvsMHP_5per_500runperpixel.csv,E:\Github\LV-network\Output Data\Penetration Sweep\evconst_hhp_mhp_boiler_annual_gas_co2.csv,1,highest_mean_carbon_saving,176813.31761596634
1,10% EV,236.25,1,6,20.558417217376647,11.005668889007655,75.0,13.994331110992348,292997.63318918104,98722.81734493552,194274.81584424552,66.3059335086189,E:\Github\LV-network\Output Data\Penetration Sweep\evconst_10_HHPvsMHP_5per_500runperpixel.csv,E:\Github\LV-network\Output Data\Penetration Sweep\evconst_hhp_mhp_boiler_annual_gas_co2.csv,1,highest_mean_carbon_saving,176813.31761596634
1,10% EV,236.25,1,7,26.492571278375888,14.201632659089192,70.0,15.7983673409108,292997.63318918104,100558.80691737612,192438.82627180492,65.67931084533782,E:\Github\LV-network\Output Data\Penetration Sweep\evconst_10_HHPvsMHP_5per_500runperpixel.csv,E:\Github\LV-network\Output Data\Penetration Sweep\evconst_hhp_mhp_boiler_annual_gas_co2.csv,1,highest_mean_carbon_saving,176813.31761596634
1,10% EV,236.25,1,8,28.20149565087256,15.0,68.48902941793027,16.51097058206973,292997.63318918104,101441.40610854869,191556.22708063235,65.37808001914794,E:\Github\LV-network\Output Data\Penetration Sweep\evconst_10_HHPvsMHP_5per_500runperpixel.csv,E:\Github\LV-network\Output Data\Penetration Sweep\evconst_hhp_mhp_boiler_annual_gas_co2.csv,1,highest_mean_carbon_saving,176813.31761596634
1,10% EV,236.25,1,9,31.77904192502516,15.790892574576569,65.0,19.209107425423426,292997.63318918104,106536.22764674333,186461.40554243771,63.6392190315218,E:\Github\LV-network\Output Data\Penetration Sweep\evconst_10_HHPvsMHP_5per_500runperpixel.csv,E:\Github\LV-network\Output Data\Penetration Sweep\evconst_hhp_mhp_boiler_annual_gas_co2.csv,1,highest_mean_carbon_saving,176813.31761596634
1,10% EV,236.25,1,10,37.66160008033653,18.890003810176275,60.00000000000001,21.109996189823725,292997.63318918104,109455.91464739593,183541.7185417851,62.64273077703564,E:\Github\LV-network\Output Data\Penetration Sweep\evconst_10_HHPvsMHP_5per_500runperpixel.csv,E:\Github\LV-network\Output Data\Penetration Sweep\evconst_hhp_mhp_boiler_annual_gas_co2.csv,1,highest_mean_carbon_saving,176813.31761596634
1,10% EV,236.25,1,11,39.2013027951181,20.0,58.93295130922598,21.067048690774023,292997.63318918104,108447.16656571478,184550.46662346626,62.987016179856575,E:\Github\LV-network\Output Data\Penetration Sweep\evconst_10_HHPvsMHP_5per_500runperpixel.csv,E:\Github\LV-network\Output Data\Penetration Sweep\evconst_hhp_mhp_boiler_annual_gas_co2.csv,1,highest_mean_carbon_saving,176813.31761596634
1,10% EV,236.25,1,12,44.24110710805345,23.1514316606805,55.000000000000014,21.848568339319485,292997.63318918104,106326.70059905402,186670.93259012702,63.7107305469592,E:\Github\LV-network\Output Data\Penetration Sweep\evconst_10_HHPvsMHP_5per_500runperpixel.csv,E:\Github\LV-network\Output Data\Penetration Sweep\evconst_hhp_mhp_boiler_annual_gas_co2.csv,1,highest_mean_carbon_saving,176813.31761596634
1,10% EV,236.25,1,13,49.24117301312329,23.177103728023937,50.0,26.822896271976063,292997.63318918104,116992.28397488856,176005.34921429248,60.070570297286444,E:\Github\LV-network\Output Data\Penetration Sweep\evconst_10_HHPvsMHP_5per_500runperpixel.csv,E:\Github\LV-network\Output Data\Penetration Sweep\evconst_hhp_mhp_boiler_annual_gas_co2.csv,1,highest_mean_carbon_saving,176813.31761596634
1,10% EV,236.25,1,14,54.40457603315177,25.0,45.169080840165606,29.830919159834394,292997.63318918104,122389.55816489473,170608.0750242863,58.228482314780024,E:\Github\LV-network\Output Data\Penetration Sweep\evconst_10_HHPvsMHP_5per_500runperpixel.csv,E:\Github\LV-network\Output Data\Penetration Sweep\evconst_hhp_mhp_boiler_annual_gas_co2.csv,1,highest_mean_carbon_saving,176813.31761596634
1,10% EV,236.25,1,15,54.59623520897563,25.090249150502228,45.0,29.90975084949777,292997.63318918104,122528.987810066,170468.64537911504,58.1808950207621,E:\Github\LV-network\Output Data\Penetration Sweep\evconst_10_HHPvsMHP_5per_500runperpixel.csv,E:\Github\LV-network\Output Data\Penetration Sweep\evconst_hhp_mhp_boiler_annual_gas_co2.csv,1,highest_mean_carbon_saving,176813.31761596634
1,10% EV,236.25,1,16,60.80080176262629,28.764027330888254,40.0,31.235972669111746,292997.63318918104,122221.8947023926,170775.73848678844,58.28570580176766,E:\Github\LV-network\Output Data\Penetration Sweep\evconst_10_HHPvsMHP_5per_500runperpixel.csv,E:\Github\LV-network\Output Data\Penetration Sweep\evconst_hhp_mhp_boiler_annual_gas_co2.csv,1,highest_mean_carbon_saving,176813.31761596634
1,10% EV,236.25,1,17,63.19348038761554,30.0,37.951272940655784,32.048727059344216,292997.63318918104,123306.67370090028,169690.95948828076,57.91547107096106,E:\Github\LV-network\Output Data\Penetration Sweep\evconst_10_HHPvsMHP_5per_500runperpixel.csv,E:\Github\LV-network\Output Data\Penetration Sweep\evconst_hhp_mhp_boiler_annual_gas_co2.csv,1,highest_mean_carbon_saving,176813.31761596634
1,10% EV,236.25,1,18,67.04553845057657,32.47554829283859,35.0,32.524451707161404,292997.63318918104,123372.379744479,169625.25344470204,57.89304561896559,E:\Github\LV-network\Output Data\Penetration Sweep\evconst_10_HHPvsMHP_5per_500runperpixel.csv,E:\Github\LV-network\Output Data\Penetration Sweep\evconst_hhp_mhp_boiler_annual_gas_co2.csv,1,highest_mean_carbon_saving,176813.31761596634
1,10% EV,236.25,1,19,71.31672331708883,35.0,31.554689601482444,33.445310398517556,292997.63318918104,123922.42167304235,169075.2115161387,57.7053164818472,E:\Github\LV-network\Output Data\Penetration Sweep\evconst_10_HHPvsMHP_5per_500runperpixel.csv,E:\Github\LV-network\Output Data\Penetration Sweep\evconst_hhp_mhp_boiler_annual_gas_co2.csv,1,highest_mean_carbon_saving,176813.31761596634
1,10% EV,236.25,1,20,73.20810457038142,36.07715518303957,30.0,33.92284481696043,292997.63318918104,123505.21056767582,169492.42262150522,57.84771050081088,E:\Github\LV-network\Output Data\Penetration Sweep\evconst_10_HHPvsMHP_5per_500runperpixel.csv,E:\Github\LV-network\Output Data\Penetration Sweep\evconst_hhp_mhp_boiler_annual_gas_co2.csv,1,highest_mean_carbon_saving,176813.31761596634
1,10% EV,236.25,1,21,78.3974564730408,37.46617396247868,25.0,37.53382603752132,292997.63318918104,128814.69001143053,164182.9431777505,56.03558683757073,E:\Github\LV-network\Output Data\Penetration Sweep\evconst_10_HHPvsMHP_5per_500runperpixel.csv,E:\Github\LV-network\Output Data\Penetration Sweep\evconst_hhp_mhp_boiler_annual_gas_co2.csv,1,highest_mean_carbon_saving,176813.31761596634
1,10% EV,236.25,1,22,82.90682503087027,40.0,21.269835070413105,38.73016492958689,292997.63318918104,130618.13069486475,162379.5024943163,55.42007309986426,E:\Github\LV-network\Output Data\Penetration Sweep\evconst_10_HHPvsMHP_5per_500runperpixel.csv,E:\Github\LV-network\Output Data\Penetration Sweep\evconst_hhp_mhp_boiler_annual_gas_co2.csv,1,highest_mean_carbon_saving,176813.31761596634
1,10% EV,236.25,1,23,84.84348044224603,41.4622424820665,20.0,38.5377575179335,292997.63318918104,129441.93156877835,163555.7016204027,55.82150949144322,E:\Github\LV-network\Output Data\Penetration Sweep\evconst_10_HHPvsMHP_5per_500runperpixel.csv,E:\Github\LV-network\Output Data\Penetration Sweep\evconst_hhp_mhp_boiler_annual_gas_co2.csv,1,highest_mean_carbon_saving,176813.31761596634
1,10% EV,236.25,1,24,90.311236329179,43.675013242694455,15.0,41.324986757305545,292997.63318918104,133029.9893846474,159967.64380453364,54.59690648806253,E:\Github\LV-network\Output Data\Penetration Sweep\evconst_10_HHPvsMHP_5per_500runperpixel.csv,E:\Github\LV-network\Output Data\Penetration Sweep\evconst_hhp_mhp_boiler_annual_gas_co2.csv,1,highest_mean_carbon_saving,176813.31761596634
1,10% EV,236.25,1,25,94.07028074412436,45.0,11.482213052713844,43.517786947286154,292997.63318918104,136294.8263249628,156702.80686421823,53.48261866778946,E:\Github\LV-network\Output Data\Penetration Sweep\evconst_10_HHPvsMHP_5per_500runperpixel.csv,E:\Github\LV-network\Output Data\Penetration Sweep\evconst_hhp_mhp_boiler_annual_gas_co2.csv,1,highest_mean_carbon_saving,176813.31761596634
1,10% EV,236.25,1,26,95.64269756296305,45.52491820175288,10.0,44.47508179824712,292997.63318918104,137494.1792968481,155503.45389233294,53.07327987592594,E:\Github\LV-network\Output Data\Penetration Sweep\evconst_10_HHPvsMHP_5per_500runperpixel.csv,E:\Github\LV-network\Output Data\Penetration Sweep\evconst_hhp_mhp_boiler_annual_gas_co2.csv,1,highest_mean_carbon_saving,176813.31761596634
1,10% EV,236.25,1,27,101.1030413476626,47.71930974546311,5.0,47.28069025453689,292997.63318918104,143614.98894985137,149382.64423932967,50.98424946759797,E:\Github\LV-network\Output Data\Penetration Sweep\evconst_10_HHPvsMHP_5per_500runperpixel.csv,E:\Github\LV-network\Output Data\Penetration Sweep\evconst_hhp_mhp_boiler_annual_gas_co2.csv,1,highest_mean_carbon_saving,176813.31761596634
1,10% EV,236.25,1,28,106.12918050823988,48.23124222293313,0.0,51.76875777706687,292997.63318918104,151292.08126924068,141705.55191994036,48.36406027500049,E:\Github\LV-network\Output Data\Penetration Sweep\evconst_10_HHPvsMHP_5per_500runperpixel.csv,E:\Github\LV-network\Output Data\Penetration Sweep\evconst_hhp_mhp_boiler_annual_gas_co2.csv,1,highest_mean_carbon_saving,176813.31761596634
1,10% EV,375.0,1,1,3.7805264089777726,98.40463654274346,0.0,1.5953634572565392,292997.63318918104,4419.338247134758,288578.2949420463,98.49168124703543,E:\Github\LV-network\Output Data\Penetration Sweep\evconst_10_HHPvsMHP_5per_500runperpixel.csv,E:\Github\LV-network\Output Data\Penetration Sweep\evconst_hhp_mhp_boiler_annual_gas_co2.csv,1,highest_mean_carbon_saving,288578.2949420463
2,40% EV,236.25,1,0,0.0,0.0,30.81575288756218,69.18424711243782,292997.63318918104,226806.83672467526,66190.79646450578,22.59089800284089,E:\Github\LV-network\Output Data\Penetration Sweep\evconst_40_HHPvsMHP_5per_500runperpixel.csv,E:\Github\LV-network\Output Data\Penetration Sweep\evconst_hhp_mhp_boiler_annual_gas_co2.csv,2,highest_mean_carbon_saving,60450.410198905694
2,40% EV,236.25,1,1,0.911255770452746,0.4061210479861799,30.0,69.59387895201382,292997.63318918104,227403.30782894304,65594.325360238,22.38732260266602,E:\Github\LV-network\Output Data\Penetration Sweep\evconst_40_HHPvsMHP_5per_500runperpixel.csv,E:\Github\LV-network\Output Data\Penetration Sweep\evconst_hhp_mhp_boiler_annual_gas_co2.csv,2,highest_mean_carbon_saving,60450.410198905694
2,40% EV,236.25,1,2,6.915778633279089,5.0,26.133403177929114,68.86659682207089,292997.63318918104,223061.95955500798,69935.67363417306,23.86902340232127,E:\Github\LV-network\Output Data\Penetration Sweep\evconst_40_HHPvsMHP_5per_500runperpixel.csv,E:\Github\LV-network\Output Data\Penetration Sweep\evconst_hhp_mhp_boiler_annual_gas_co2.csv,2,highest_mean_carbon_saving,60450.410198905694
2,40% EV,236.25,1,3,8.18271403027385,5.566147097862788,25.0,69.43385290213722,292997.63318918104,223603.87973023686,69393.75345894418,23.68406621705999,E:\Github\LV-network\Output Data\Penetration Sweep\evconst_40_HHPvsMHP_5per_500runperpixel.csv,E:\Github\LV-network\Output Data\Penetration Sweep\evconst_hhp_mhp_boiler_annual_gas_co2.csv,2,highest_mean_carbon_saving,60450.410198905694
2,40% EV,236.25,1,4,13.185267747487288,5.4063231522038295,20.0,74.59367684779617,292997.63318918104,235476.80187305575,57520.83131612529,19.631841626169578,E:\Github\LV-network\Output Data\Penetration Sweep\evconst_40_HHPvsMHP_5per_500runperpixel.csv,E:\Github\LV-network\Output Data\Penetration Sweep\evconst_hhp_mhp_boiler_annual_gas_co2.csv,2,highest_mean_carbon_saving,60450.410198905694
2,40% EV,236.25,1,5,18.553161677104562,7.359342670698711,15.0,77.64065732930129,292997.63318918104,239251.66461624383,53745.968572937214,18.343482159883123,E:\Github\LV-network\Output Data\Penetration Sweep\evconst_40_HHPvsMHP_5per_500runperpixel.csv,E:\Github\LV-network\Output Data\Penetration Sweep\evconst_hhp_mhp_boiler_annual_gas_co2.csv,2,highest_mean_carbon_saving,60450.410198905694
2,40% EV,236.25,1,6,21.686340245120704,10.0,13.313661715941,76.686338284059,292997.63318918104,234359.99383381894,58637.6393553621,20.01300785849737,E:\Github\LV-network\Output Data\Penetration Sweep\evconst_40_HHPvsMHP_5per_500runperpixel.csv,E:\Github\LV-network\Output Data\Penetration Sweep\evconst_hhp_mhp_boiler_annual_gas_co2.csv,2,highest_mean_carbon_saving,60450.410198905694
2,40% EV,236.25,1,7,25.811655291703747,12.45720781902374,10.0,77.54279218097626,292997.63318918104,234109.3721550595,58888.26103412153,20.09854495858637,E:\Github\LV-network\Output Data\Penetration Sweep\evconst_40_HHPvsMHP_5per_500runperpixel.csv,E:\Github\LV-network\Output Data\Penetration Sweep\evconst_hhp_mhp_boiler_annual_gas_co2.csv,2,highest_mean_carbon_saving,60450.410198905694
2,40% EV,236.25,1,8,30.236375068821843,15.0,6.378901681756487,78.62109831824351,292997.63318918104,236301.18286395806,56696.45032522298,19.350480653410443,E:\Github\LV-network\Output Data\Penetration Sweep\evconst_40_HHPvsMHP_5per_500runperpixel.csv,E:\Github\LV-network\Output Data\Penetration Sweep\evconst_hhp_mhp_boiler_annual_gas_co2.csv,2,highest_mean_carbon_saving,60450.410198905694
2,40% EV,236.25,1,9,31.74627606829717,15.615167603394166,5.0,79.38483239660583,292997.63318918104,237978.00678206247,55019.62640711857,18.778181177864262,E:\Github\LV-network\Output Data\Penetration Sweep\evconst_40_HHPvsMHP_5per_500runperpixel.csv,E:\Github\LV-network\Output Data\Penetration Sweep\evconst_hhp_mhp_boiler_annual_gas_co2.csv,2,highest_mean_carbon_saving,60450.410198905694
2,40% EV,236.25,1,10,37.44789703689365,18.355328487272903,0.0,81.6446715127271,292997.63318918104,239666.446929967,53331.18625921404,18.20191708674297,E:\Github\LV-network\Output Data\Penetration Sweep\evconst_40_HHPvsMHP_5per_500runperpixel.csv,E:\Github\LV-network\Output Data\Penetration Sweep\evconst_hhp_mhp_boiler_annual_gas_co2.csv,2,highest_mean_carbon_saving,60450.410198905694
2,40% EV,375.0,1,1,1.6007008540191843,19.082096362227325,80.0,0.9179036377726675,292997.63318918104,64953.395098609035,228044.238090572,77.83142669392477,E:\Github\LV-network\Output Data\Penetration Sweep\evconst_40_HHPvsMHP_5per_500runperpixel.csv,E:\Github\LV-network\Output Data\Penetration Sweep\evconst_hhp_mhp_boiler_annual_gas_co2.csv,1,highest_mean_carbon_saving,205294.24228158256
2,40% EV,375.0,1,2,4.720482989808655,20.0,77.01830694293413,2.9816930570658684,292997.63318918104,69375.25266941995,223622.3805197611,76.32224809658237,E:\Github\LV-network\Output Data\Penetration Sweep\evconst_40_HHPvsMHP_5per_500runperpixel.csv,E:\Github\LV-network\Output Data\Penetration Sweep\evconst_hhp_mhp_boiler_annual_gas_co2.csv,1,highest_mean_carbon_saving,205294.24228158256
2,40% EV,375.0,1,3,8.435026341517894,23.118376083129036,75.0,1.8816239168709643,292997.63318918104,64268.33559044672,228729.29759873432,78.06523728846973,E:\Github\LV-network\Output Data\Penetration Sweep\evconst_40_HHPvsMHP_5per_500runperpixel.csv,E:\Github\LV-network\Output Data\Penetration Sweep\evconst_hhp_mhp_boiler_annual_gas_co2.csv,1,highest_mean_carbon_saving,205294.24228158256
2,40% EV,375.0,1,4,13.874322856803325,20.976893750445377,70.0,9.023106249554615,292997.63318918104,81033.440437452,211964.19275172905,72.34331228022897,E:\Github\LV-network\Output Data\Penetration Sweep\evconst_40_HHPvsMHP_5per_500runperpixel.csv,E:\Github\LV-network\Output Data\Penetration Sweep\evconst_hhp_mhp_boiler_annual_gas_co2.csv,1,highest_mean_carbon_saving,205294.24228158256
2,40% EV,375.0,1,5,18.875636403596726,25.0,67.02884647011741,7.971153529882585,292997.63318918104,74649.47928622313,218348.1539029579,74.52215621208657,E:\Github\LV-network\Output Data\Penetration Sweep\evconst_40_HHPvsMHP_5per_500runperpixel.csv,E:\Github\LV-network\Output Data\Penetration Sweep\evconst_hhp_mhp_boiler_annual_gas_co2.csv,1,highest_mean_carbon_saving,205294.24228158256
2,40% EV,375.0,1,6,21.53788096635811,26.723754075454114,65.0,8.27624592454589,292997.63318918104,74170.35208447801,218827.28110470303,74.68568217525903,E:\Github\LV-network\Output Data\Penetration Sweep\evconst_40_HHPvsMHP_5per_500runperpixel.csv,E:\Github\LV-network\Output Data\Penetration Sweep\evconst_hhp_mhp_boiler_annual_gas_co2.csv,1,highest_mean_carbon_saving,205294.24228158256
2,40% EV,375.0,1,7,26.56040994993412,27.19893550486936,60.00000000000001,12.801064495130639,292997.63318918104,84290.8651086003,208706.76808058075,71.23155426508997,E:\Github\LV-network\Output Data\Penetration Sweep\evconst_40_HHPvsMHP_5per_500runperpixel.csv,E:\Github\LV-network\Output Data\Penetration Sweep\evconst_hhp_mhp_boiler_annual_gas_co2.csv,1,highest_mean_carbon_saving,205294.24228158256
2,40% EV,375.0,1,8,30.050214295630294,30.0,57.9184688171064,12.081531182893599,292997.63318918104,80844.78914988012,212152.84403930092,72.40769890530797,E:\Github\LV-network\Output Data\Penetration Sweep\evconst_40_HHPvsMHP_5per_500runperpixel.csv,E:\Github\LV-network\Output Data\Penetration Sweep\evconst_hhp_mhp_boiler_annual_gas_co2.csv,1,highest_mean_carbon_saving,205294.24228158256
2,40% EV,375.0,1,9,35.24349442955225,34.29566040475339,55.00000000000001,10.704339595246601,292997.63318918104,74958.68917557388,218038.94401360716,74.41662297416069,E:\Github\LV-network\Output Data\Penetration Sweep\evconst_40_HHPvsMHP_5per_500runperpixel.csv,E:\Github\LV-network\Output Data\Penetration Sweep\evconst_hhp_mhp_boiler_annual_gas_co2.csv,1,highest_mean_carbon_saving,205294.24228158256
2,40% EV,375.0,1,10,36.259836457543194,35.0,54.26729483935994,10.732705160640059,292997.63318918104,74485.6284711198,218512.00471806125,74.57807844371686,E:\Github\LV-network\Output Data\Penetration Sweep\evconst_40_HHPvsMHP_5per_500runperpixel.csv,E:\Github\LV-network\Output Data\Penetration Sweep\evconst_hhp_mhp_boiler_annual_gas_co2.csv,1,highest_mean_carbon_saving,205294.24228158256
2,40% EV,375.0,1,11,40.9967727727459,37.05639500297442,50.0,12.94360499702558,292997.63318918104,76779.3208626177,216218.31232656335,73.79524195233233,E:\Github\LV-network\Output Data\Penetration Sweep\evconst_40_HHPvsMHP_5per_500runperpixel.csv,E:\Github\LV-network\Output Data\Penetration Sweep\evconst_hhp_mhp_boiler_annual_gas_co2.csv,1,highest_mean_carbon_saving,205294.24228158256
2,40% EV,375.0,1,12,46.48636987219493,39.32259806410535,45.0,15.67740193589465,292997.63318918104,80974.15859545354,212023.4745937275,72.36354515424682,E:\Github\LV-network\Output Data\Penetration Sweep\evconst_40_HHPvsMHP_5per_500runperpixel.csv,E:\Github\LV-network\Output Data\Penetration Sweep\evconst_hhp_mhp_boiler_annual_gas_co2.csv,1,highest_mean_carbon_saving,205294.24228158256
2,40% EV,375.0,1,13,51.4899011906641,39.51054926761792,40.0,20.489450732382082,292997.63318918104,90145.40568094584,202852.2275082352,69.23340141019457,E:\Github\LV-network\Output Data\Penetration Sweep\evconst_40_HHPvsMHP_5per_500runperpixel.csv,E:\Github\LV-network\Output Data\Penetration Sweep\evconst_hhp_mhp_boiler_annual_gas_co2.csv,1,highest_mean_carbon_saving,205294.24228158256
2,40% EV,375.0,1,14,52.97810614864949,40.0,38.594584766859654,21.405415233140346,292997.63318918104,92007.89168179614,200989.7415073849,68.59773552423579,E:\Github\LV-network\Output Data\Penetration Sweep\evconst_40_HHPvsMHP_5per_500runperpixel.csv,E:\Github\LV-network\Output Data\Penetration Sweep\evconst_hhp_mhp_boiler_annual_gas_co2.csv,1,highest_mean_carbon_saving,205294.24228158256
2,40% EV,375.0,1,15,57.904550629337066,43.36880031690179,35.0,21.63119968309821,292997.63318918104,91003.39362697944,201994.2395622016,68.94057039422538,E:\Github\LV-network\Output Data\Penetration Sweep\evconst_40_HHPvsMHP_5per_500runperpixel.csv,E:\Github\LV-network\Output Data\Penetration Sweep\evconst_hhp_mhp_boiler_annual_gas_co2.csv,1,highest_mean_carbon_saving,205294.24228158256
2,40% EV,375.0,1,16,62.982339846655194,45.0,30.191348325219167,24.808651674780833,292997.63318918104,96722.43001308321,196275.20317609783,66.98866507545063,E:\Github\LV-network\Output Data\Penetration Sweep\evconst_40_HHPvsMHP_5per_500runperpixel.csv,E:\Github\LV-network\Output Data\Penetration Sweep\evconst_hhp_mhp_boiler_annual_gas_co2.csv,1,highest_mean_carbon_saving,205294.24228158256
2,40% EV,375.0,1,17,63.18825837648969,45.0760806109664,30.0,24.9239193890336,292997.63318918104,96901.42475354759,196096.20843563345,66.92757422686044,E:\Github\LV-network\Output Data\Penetration Sweep\evconst_40_HHPvsMHP_5per_500runperpixel.csv,E:\Github\LV-network\Output Data\Penetration Sweep\evconst_hhp_mhp_boiler_annual_gas_co2.csv,1,highest_mean_carbon_saving,205294.24228158256
2,40% EV,375.0,1,18,69.66154089165286,50.0,25.797809574588968,24.202190425411032,292997.63318918104,89815.01940401463,203182.6137851664,69.34616214253738,E:\Github\LV-network\Output Data\Penetration Sweep\evconst_40_HHPvsMHP_5per_500runperpixel.csv,E:\Github\LV-network\Output Data\Penetration Sweep\evconst_hhp_mhp_boiler_annual_gas_co2.csv,1,highest_mean_carbon_saving,205294.24228158256
2,40% EV,375.0,1,19,70.59821094014275,50.490765384305185,25.0,24.509234615694815,292997.63318918104,90030.63544513067,202966.99774405037,69.27257245555967,E:\Github\LV-network\Output Data\Penetration Sweep\evconst_40_HHPvsMHP_5per_500runperpixel.csv,E:\Github\LV-network\Output Data\Penetration Sweep\evconst_hhp_mhp_boiler_annual_gas_co2.csv,1,highest_mean_carbon_saving,205294.24228158256
2,40% EV,375.0,1,20,76.56849900126609,53.753331787122434,20.0,26.246668212877566,292997.63318918104,92309.16703435982,200688.46615482122,68.4949103412183,E:\Github\LV-network\Output Data\Penetration Sweep\evconst_40_HHPvsMHP_5per_500runperpixel.csv,E:\Github\LV-network\Output Data\Penetration Sweep\evconst_hhp_mhp_boiler_annual_gas_co2.csv,1,highest_mean_carbon_saving,205294.24228158256
2,40% EV,375.0,1,21,81.7459420170506,52.409487978603124,15.0,32.590512021396876,292997.63318918104,106860.8305738302,186136.80261535084,63.52843215466082,E:\Github\LV-network\Output Data\Penetration Sweep\evconst_40_HHPvsMHP_5per_500runperpixel.csv,E:\Github\LV-network\Output Data\Penetration Sweep\evconst_hhp_mhp_boiler_annual_gas_co2.csv,1,highest_mean_carbon_saving,205294.24228158256
2,40% EV,375.0,1,22,85.48745223071784,55.00000000000001,12.300343328129578,32.699656671870414,292997.63318918104,105152.80447229918,187844.82871688186,64.11138092559106,E:\Github\LV-network\Output Data\Penetration Sweep\evconst_40_HHPvsMHP_5per_500runperpixel.csv,E:\Github\LV-network\Output Data\Penetration Sweep\evconst_hhp_mhp_boiler_annual_gas_co2.csv,1,highest_mean_carbon_saving,205294.24228158256
2,40% EV,375.0,1,23,88.25262496317313,56.534470857671806,10.0,33.465529142328194,292997.63318918104,105738.74752775449,187258.88566142655,63.911398745162664,E:\Github\LV-network\Output Data\Penetration Sweep\evconst_40_HHPvsMHP_5per_500runperpixel.csv,E:\Github\LV-network\Output Data\Penetration Sweep\evconst_hhp_mhp_boiler_annual_gas_co2.csv,1,highest_mean_carbon_saving,205294.24228158256
2,40% EV,375.0,1,24,94.25898755495406,59.86259218718269,5.0,35.13740781281731,292997.63318918104,107404.06820814774,185593.5649810333,63.34302532102718,E:\Github\LV-network\Output Data\Penetration Sweep\evconst_40_HHPvsMHP_5per_500runperpixel.csv,E:\Github\LV-network\Output Data\Penetration Sweep\evconst_hhp_mhp_boiler_annual_gas_co2.csv,1,highest_mean_carbon_saving,205294.24228158256
2,40% EV,375.0,1,25,94.76735940969883,60.00000000000001,4.510550272578076,35.48944972742191,292997.63318918104,108079.59294056773,184918.0402486133,63.11246894244245,E:\Github\LV-network\Output Data\Penetration Sweep\evconst_40_HHPvsMHP_5per_500runperpixel.csv,E:\Github\LV-network\Output Data\Penetration Sweep\evconst_hhp_mhp_boiler_annual_gas_co2.csv,1,highest_mean_carbon_saving,205294.24228158256
2,40% EV,375.0,1,26,100.24853080940262,63.114189485480416,0.0,36.885810514519584,292997.63318918104,107333.0457052291,185664.58748395194,63.36726527892226,E:\Github\LV-network\Output Data\Penetration Sweep\evconst_40_HHPvsMHP_5per_500runperpixel.csv,E:\Github\LV-network\Output Data\Penetration Sweep\evconst_hhp_mhp_boiler_annual_gas_co2.csv,1,highest_mean_carbon_saving,205294.24228158256
