ev_penetration,hhp_percentage,mhp_percentage,boiler_percentage,valid_mix,n_dwellings,n_ev_homes,n_hhp_homes,n_mhp_homes,n_boiler_homes,mc_runs_per_pixel,dt_hours,co2_kg_per_kwh,annual_gas_mean_kwh,annual_gas_std_kwh,annual_gas_p50_kwh,annual_gas_p90_kwh,annual_gas_p95_kwh,annual_gas_max_kwh,annual_gas_min_kwh,annual_co2_mean_kg,annual_co2_std_kg,annual_co2_p50_kg,annual_co2_p90_kg,annual_co2_p95_kg,annual_co2_max_kg,annual_co2_min_kg
0.0,0.0,0.0,1.0,True,147,0,0,0,147,100,0.5,0.183,1601079.96278241,722.6471285173493,1601075.5454447279,1601892.4366056554,1602323.626600145,1603697.3753654077,1599284.8768341017,292997.63318918104,132.2444245186754,292996.8248163852,293146.3158988349,293225.2236678265,293476.6196918696,292669.1324606406
0.0,0.0,0.05,0.95,True,147,0,0,7,140,100,0.5,0.183,1523613.748031236,13760.56549346982,1525053.4315156024,1539976.3746498919,1542929.6588054192,1549864.007361624,1481845.596173021,278821.31588971626,2518.1834853049777,279084.7779673552,281815.6765609302,282356.1275613917,283625.11334717716,271177.7440996628
0.0,0.0,0.1,0.9,True,147,0,0,15,132,100,0.5,0.183,1431567.3940396276,21245.969398293284,1433400.3265025013,1457128.6548307464,1461677.9438687763,1474035.8520114683,1351751.7064048331,261976.8331092518,3888.0123998876707,262312.2597499577,266654.54383402655,267487.06372798607,269748.56091809866,247370.56227208447
0.0,0.0,0.15000000000000002,0.85,True,147,0,0,22,125,100,0.5,0.183,1358295.722406502,21610.23032971767,1358370.1583615183,1382547.596748121,1387730.1063419282,1404714.8539134278,1285256.3662440379,248568.11720038988,3954.6721503383337,248581.73898015782,253006.21020490618,253954.6094605729,257062.8182661573,235201.9150226589
0.0,0.0,0.2,0.8,True,147,0,0,29,118,100,0.5,0.183,1285809.5155765156,26902.195099496173,1287158.7820215118,1319903.8125511499,1325662.2361046723,1336080.5102503402,1199107.8634964824,235303.14135050238,4923.1017032078,235550.05710993666,241542.39769686043,242596.189207155,244502.73337581224,219436.73901985626
0.0,0.0,0.25,0.75,True,147,0,0,37,110,100,0.5,0.183,1199799.769730192,27291.2217324917,1200201.7414575121,1235986.5945726184,1245383.7218992838,1275062.5412766798,1126024.4040274043,219563.35786062505,4994.29357704598,219636.91868672473,226185.54680678918,227905.22110756894,233336.4450536324,206062.465937015
0.0,0.0,0.30000000000000004,0.7,True,147,0,0,44,103,100,0.5,0.183,1119472.6854768503,32197.34121241002,1120779.3593614788,1162804.1173834794,1172118.028674846,1206706.2361292932,1034634.6399535934,204863.50144226357,5892.113441871033,205102.6227631506,212793.15348117673,214497.59924749684,220827.24121166064,189338.1391115076
0.0,0.0,0.35000000000000003,0.6499999999999999,True,147,0,0,51,96,100,0.5,0.183,1045852.2133930656,26032.18923319767,1049062.3513599175,1076557.5845796135,1084576.122991806,1095143.0903409342,974707.7730063787,191390.95505093105,4763.890629675172,191978.4102988649,197010.03797806927,198477.43050750045,200411.18553239095,178371.5224601673
0.0,0.0,0.4,0.6,True,147,0,0,59,88,100,0.5,0.183,959707.2823082816,31396.45565916377,953969.8223406875,1004244.3176935506,1017892.0246252195,1039446.2318225685,865985.5407790542,175626.4326624155,5745.551385626968,174576.47748834582,183776.71013791976,186274.24050641517,190218.66042353003,158475.3539625669
0.0,0.0,0.45,0.55,True,147,0,0,66,81,100,0.5,0.183,882773.458994032,35059.99630851685,884089.0968205858,928530.1725991939,940664.4185804571,949135.5900065104,776888.8707312351,161547.54299590786,6415.979324458584,161788.3047181672,169921.0215856525,172141.58860022365,173691.8129711914,142170.66334381604
0.0,0.0,0.5,0.5,True,147,0,0,74,73,100,0.5,0.183,796056.3845745976,34663.031418336184,791713.2152827377,843486.9882232003,857600.328757176,872518.8637339069,708952.4474417125,145678.3183771514,6343.334749555521,144883.518396741,154358.11884484568,156940.8601625632,159670.95206330495,129738.29788183338
0.0,0.0,0.55,0.44999999999999996,True,147,0,0,81,66,100,0.5,0.183,723640.7139099721,31407.480989800373,724246.3802879227,766572.1788502426,771127.6762226257,800171.0363368699,654820.9036903062,132426.2506455249,5747.569021133468,132537.08759268984,140282.7087295944,141116.36474874048,146431.2996496472,119832.22537532604
0.0,0.0,0.6000000000000001,0.3999999999999999,True,147,0,0,88,59,100,0.5,0.183,644232.1610166504,29197.15232494284,640668.6317357762,687097.9386454585,691795.3847699339,709764.097410069,558701.6918741942,117894.485466047,5343.07887546454,117242.35960764704,125738.92277211892,126598.55541289791,129886.82982604262,102242.40961297753
0.0,0.0,0.65,0.35,True,147,0,0,96,51,100,0.5,0.183,551571.1558862308,28376.4653849428,550626.2182246952,587205.0482192293,597671.4191455517,634212.9738297747,486860.3139988813,100937.52152718024,5192.893165444531,100764.5979351192,107458.52382411897,109373.86970363598,116060.97421084876,89095.43746179529
0.0,0.0,0.7000000000000001,0.29999999999999993,True,147,0,0,103,44,100,0.5,0.183,477235.0840355353,30388.210115249436,478114.27694672334,513191.1427153955,525258.914974642,558671.412514419,416964.9083657411,87334.02037850294,5561.042451090648,87494.91268125037,93913.97911691737,96122.38144035949,102236.86849013866,76304.57823093062
0.0,0.0,0.75,0.25,True,147,0,0,110,37,100,0.5,0.183,399096.52279625885,26916.769209660182,397631.20416312147,436537.38835696055,447550.06277533225,459871.57533515285,307826.8588906715,73034.66367171536,4925.768765367814,72766.51036185122,79886.34206932379,81901.6614878858,84156.49828633296,56332.31517699289
0.0,0.0,0.8,0.19999999999999996,True,147,0,0,118,29,100,0.5,0.183,316705.76759754267,27622.563416207082,315313.6325646924,353697.64781598485,363583.4930149647,383862.9779471836,237811.09000061764,57957.15547035031,5054.929105165897,57702.3947593387,64726.669550325234,66535.77922173854,70246.9249643346,43519.42947011303
0.0,0.0,0.8500000000000001,0.1499999999999999,True,147,0,0,125,22,100,0.5,0.183,241657.47254776306,25465.220050884618,239502.84770049492,275877.7985371834,284361.7506237974,294224.003495725,188244.04154258865,44223.31747624064,4660.135269311885,43829.021129190565,50485.63713230455,52038.20036415492,53842.992639717675,34448.65960229372
0.0,0.0,0.9,0.09999999999999998,True,147,0,0,132,15,100,0.5,0.183,163429.5079797155,19139.734743311714,162965.93976638617,186458.5782555302,192788.6783141328,218938.9361751697,120330.81329733045,29907.59996028793,3502.571458026044,29822.766977248673,34121.91982076203,35280.3281314863,40065.82532005606,22020.538833411472
0.0,0.0,0.9500000000000001,0.04999999999999993,True,147,0,0,140,7,100,0.5,0.183,75686.1679975219,13833.746509621495,75085.10187464631,91143.04163406217,104307.16313872598,115166.87978667588,42494.99461146984,13850.56874354651,2531.5756112607337,13740.573643060274,16679.17661903338,19088.210854386856,21075.539000961686,7776.584013898981
0.0,0.0,1.0,0.0,True,147,0,0,147,0,100,0.5,0.183,0.0,0.0,0.0,0.0,0.0,0.0,0.0,0.0,0.0,0.0,0.0,0.0,0.0,0.0
0.0,0.05,0.0,0.95,True,147,0,7,0,140,100,0.5,0.183,1544194.4281916446,9769.571776468896,1545720.601491888,1555535.4457330725,1557301.9228239732,1566618.035497393,1517388.8977869384,282587.5803590709,1787.8316350938094,282866.8700730155,284662.9865691522,284986.2518767871,286691.1004960229,277682.1682950097
0.0,0.05,0.05,0.8999999999999999,True,147,0,7,7,133,100,0.5,0.183,1469718.8882241976,16703.1111355435,1468312.1911476832,1491996.6701286014,1493320.9431032662,1507772.7924507484,1430707.868644969,268958.5565450282,3056.6693378044606,268701.13098002604,273035.39063353406,273277.7325878977,275922.42101848696,261819.53996202935
0.0,0.05,0.1,0.85,True,147,0,7,15,125,100,0.5,0.183,1381941.6424654815,20728.168082135406,1383607.32230529,1406484.136780888,1410813.3793250334,1422324.0398371436,1337196.0430002538,252895.32057118314,3793.2547590307786,253200.13998186807,257386.59703090249,258178.84841648108,260285.2992901973,244706.87586904646
0.0,0.05,0.15000000000000002,0.7999999999999999,True,147,0,7,22,118,100,0.5,0.183,1310731.9279098136,25484.886089178784,1312986.5412607067,1340793.4397419353,1344746.9830881369,1365449.7392794697,1214331.5759915987,239863.94280749589,4663.734154319718,240276.53705070936,245365.19947277414,246088.69790512905,249877.30228814296,222222.67840646254
0.0,0.05,0.2,0.75,True,147,0,7,29,111,100,0.5,0.183,1226968.8909398476,28339.56884706681,1228559.2941978099,1260157.5053006061,1272465.738029088,1289520.8237443268,1146914.4620953656,224535.30704199214,5186.141099013226,224826.35083819923,230608.8234700109,232861.23005932308,235982.3107452118,209885.3465634519
0.0,0.05,0.25,0.7,True,147,0,7,37,103,100,0.5,0.183,1146976.4428039864,28505.432209773266,1149101.7953666404,1181035.975119907,1187565.2052137936,1228348.544835302,1075674.7805058847,209896.68903312949,5216.494094388507,210285.6285520952,216129.583446943,217324.4325541242,224787.78370486028,196848.48483257688
0.0,0.05,0.30000000000000004,0.6499999999999999,True,147,0,7,44,96,100,0.5,0.183,1066029.4181740046,30343.7701476174,1070251.7738632807,1102047.6960210437,1105062.0866706162,1146783.3396401517,980003.7923501582,195083.38352584283,5552.909937013984,195856.07461698033,201674.728371851,202226.36186072274,209861.35115414776,179340.69400007895
0.0,0.05,0.35000000000000003,0.5999999999999999,True,147,0,7,51,89,100,0.5,0.183,991026.3949056092,33930.20504202364,989620.8228369241,1034327.3090525654,1043075.4521101543,1082431.867113552,915079.8547428243,181357.83026772644,6209.227522690327,181100.6105791571,189281.89755661946,190882.80773615823,198085.03168178003,167459.61341793684
0.0,0.05,0.4,0.5499999999999999,True,147,0,7,59,81,100,0.5,0.183,901454.3049058637,32209.718089515525,899341.9077893926,940599.717567735,951868.1248549692,987898.9682120318,818294.9292333095,164966.13779777306,5894.3784103813405,164579.56912545886,172129.7483148955,174191.86684845938,180785.5111828018,149747.9720496956
0.0,0.05,0.45,0.49999999999999994,True,147,0,7,66,74,100,0.5,0.183,830637.8234418401,28767.517419427608,834837.8009868442,865464.3887425741,876134.5355144624,899650.7144468937,728874.5788272175,152006.72168985673,5264.455687755252,152775.3175805925,158379.98313989106,160332.61999914664,164636.08074378152,133384.0479253808
0.0,0.05,0.5,0.44999999999999996,True,147,0,7,74,66,100,0.5,0.183,746321.4576128913,35383.837157440394,748858.5050151707,788595.3826343917,799571.6996203709,821950.804155351,651371.5924924654,136576.82674315906,6475.242199811592,137041.1064177762,144312.95502209367,146321.62103052787,150416.99716042922,119201.00142612116
0.0,0.05,0.55,0.3999999999999999,True,147,0,7,81,59,100,0.5,0.183,662230.002361112,35482.03133907198,660866.3893998147,706170.7308645684,714988.5478509469,777247.9805000944,584602.6719674543,121188.09043208353,6493.211735050171,120938.5492601661,129229.24374821602,130842.90425672327,142236.38043151726,106982.28897004413
0.0,0.05,0.6000000000000001,0.34999999999999987,True,147,0,7,88,52,100,0.5,0.183,584779.0020362244,30680.993144996522,586104.3327531015,626537.8270877965,643168.485108836,677407.6703651729,502627.1132695332,107014.55737262905,5614.621745534363,107257.09289381758,114656.42235706677,117699.83277491698,123965.60367682663,91980.76172832458
0.0,0.05,0.65,0.29999999999999993,True,147,0,7,96,44,100,0.5,0.183,501870.54921398364,29058.743745258525,499217.69086355634,536675.2305237973,551435.0187715644,595652.6373222597,424088.3665601613,91842.31050615899,5317.75010538231,91356.83742803082,98211.5671858549,100912.60843519628,109004.43262997353,77608.17108050952
0.0,0.05,0.7000000000000001,0.2499999999999999,True,147,0,7,103,37,100,0.5,0.183,423638.47973937495,28872.145089102625,425641.8589868637,461358.91116099444,465789.2038042754,493975.73899326427,364902.79922272987,77525.84179230561,5283.60255130578,77892.46019459606,84428.68074246198,85239.4242961824,90397.56023576736,66777.21225775956
0.0,0.05,0.75,0.19999999999999996,True,147,0,7,110,30,100,0.5,0.183,346488.04778491776,27836.15504074049,345617.7031094409,381827.83675368025,386265.70547390287,432105.2636961511,280178.2302011843,63407.312744639945,5094.01637245551,63248.03966902768,69874.49412592348,70686.62410172423,79075.26325639564,51272.61612681672
0.0,0.05,0.8,0.1499999999999999,True,147,0,7,118,22,100,0.5,0.183,265653.1171913519,25089.933994267834,264228.30757916253,295340.6688254394,302991.9237082136,363464.1220849436,203996.36257661492,48614.52044601739,4591.457920951014,48353.780286986745,54047.34239505541,55447.52203860309,66513.93434154468,37331.33435152053
0.0,0.05,0.8500000000000001,0.09999999999999987,True,147,0,7,125,15,100,0.5,0.183,182407.3875752249,19702.893889822513,183598.2915966138,206741.63076531098,211654.47081437992,269852.04730684264,142244.35555261595,33380.55192626615,3605.6295818375206,33598.48736218033,37833.71843005191,38732.768159031526,49382.9246571522,26030.717066128716
0.0,0.05,0.9,0.04999999999999993,True,147,0,7,132,8,100,0.5,0.183,106626.52175050846,16247.265025354467,105289.84771183152,127481.73558667491,136477.45810575606,152466.77825053342,76077.05653779604,19512.653480343048,2973.2494996398673,19268.042131265167,23329.15761236151,24975.374833353362,27901.420419847615,13922.101346416675
0.0,0.05,0.9500000000000001,0.0,True,147,0,7,140,0,100,0.5,0.183,20051.989570347978,5715.948508071008,18241.837123518457,27085.840684270028,32468.878732738,40700.332922970076,11369.24807946477,3669.514091373681,1046.0185769769944,3338.2561936038774,4956.708845221416,5941.804808091054,7448.160924903524,2080.572398542053
0.0,0.1,0.0,0.9,True,147,0,15,0,132,100,0.5,0.183,1481195.0124338863,13082.07463014404,1480875.3423045888,1497566.5833746102,1501542.9258563463,1517505.1563563808,1450736.8513278936,271058.68727540114,2394.0196573163585,271000.1876417397,274054.6847575537,274782.35543171136,277703.4436132177,265484.8437930045
0.0,0.1,0.05,0.85,True,147,0,15,7,125,100,0.5,0.183,1405948.2046315817,17999.039870988203,1408379.7508611246,1425909.3826717255,1429823.7264602727,1453459.5786626495,1349943.0278489338,257288.5214475794,3293.8242963908415,257733.4944075858,260941.41702892576,261657.74194222988,265983.10289526486,247039.5740963549
0.0,0.1,0.1,0.8,True,147,0,15,15,117,100,0.5,0.183,1317117.4962730606,20981.150723264414,1318318.5918703075,1342182.5958789366,1346419.766219138,1365256.4548249142,1264986.8797399835,241032.50181797013,3839.550582357387,241252.30231226629,245619.4150458454,246394.81721810222,249841.9312329593,231492.59899241698
0.0,0.1,0.15000000000000002,0.75,True,147,0,15,22,110,100,0.5,0.183,1240137.2153613267,24028.089516717362,1242133.5511795522,1270821.7430510921,1278183.7653472316,1296169.0814279956,1186682.0094680912,226945.11041112282,4397.140381559278,227310.43986585806,232560.37897834985,233907.6290585434,237198.94190132318,217162.80773266067
0.0,0.1,0.2,0.7,True,147,0,15,29,103,100,0.5,0.183,1163702.6658797478,30787.463519402765,1159953.7291038258,1203239.6072363656,1208283.1763184438,1234212.3612044458,1070377.9256931324,212957.5878559939,5634.105824050706,212271.5324260001,220192.8481242549,221115.82126627522,225860.8621004136,195879.16040184323
0.0,0.1,0.25,0.65,True,147,0,15,37,95,100,0.5,0.183,1080863.3193680116,25237.911822752932,1077581.4759376226,1113476.3653944603,1125532.998871078,1140541.7307647443,1014825.459777278,197797.9874443461,4618.537863563787,197197.41009658494,203766.1748671862,205972.53879340726,208719.13672994822,185713.05913924187
0.0,0.1,0.30000000000000004,0.6,True,147,0,15,44,88,100,0.5,0.183,1004197.8133891594,34486.62863529219,1000498.1642174213,1048131.8463705212,1062118.1808399297,1093450.423901362,894575.2615402096,183768.19985021613,6311.053040258471,183091.1640517881,191808.12788580538,194367.62709370715,200101.42757394927,163707.27286185836
0.0,0.1,0.35000000000000003,0.55,True,147,0,15,51,81,100,0.5,0.183,926071.7533292164,32394.251320816573,927716.4640954637,966508.9404644306,976624.2728097042,1018038.8872660842,856857.820857121,169471.13085924656,5928.147991709431,169772.11292946985,176871.1361049908,178722.24192417585,186301.1163696934,156804.98121685314
0.0,0.1,0.4,0.5,True,147,0,15,59,73,100,0.5,0.183,842417.062989811,29342.657592177282,842117.3905456052,880794.0600682461,886928.2574549775,914473.8745735172,773730.7317516573,154162.32252713543,5369.706339368445,154107.48246984574,161185.31299248902,162307.87111426087,167348.71904695366,141592.7239105533
0.0,0.1,0.45,0.45,True,147,0,15,66,66,100,0.5,0.183,760521.3772826616,30595.16427526559,760804.07614612,792256.2899817373,810490.8422831132,849303.2099872662,677553.9185084212,139175.41204272705,5598.915062373603,139227.14593473997,144982.90106665794,148319.8241378097,155422.48742766972,123992.36708704107
0.0,0.1,0.5,0.4,True,147,0,15,74,58,100,0.5,0.183,673011.8933816251,30668.45027760268,669593.7431488351,710850.5892090669,730635.3902626174,741554.4337083581,589645.2254676821,123161.17648883736,5612.32640080129,122535.65499623682,130085.65782525926,133706.276418059,135704.46136862953,107905.07626058582
0.0,0.1,0.55,0.35,True,147,0,15,81,51,100,0.5,0.183,599904.3865270717,31406.6074034055,600259.3841084619,638350.442813562,651814.2979032503,670614.939202485,508825.8347370301,109782.50273445413,5747.409154823206,109847.46729184852,116818.13103488185,119282.01651629481,122722.53387405476,93115.1277568765
0.0,0.1,0.6000000000000001,0.29999999999999993,True,147,0,15,88,44,100,0.5,0.183,527902.2925252443,28227.07957761734,525101.3319406877,558436.4424252335,575283.3421933353,598697.006749086,463408.7012859831,96606.1195321197,5165.555562703971,96093.54374514587,102193.86896381775,105276.85162138035,109561.55223508272,84803.7923353349
0.0,0.1,0.65,0.25,True,147,0,15,96,36,100,0.5,0.183,432276.9799943512,24257.781249032094,431512.46546624764,460182.78282961773,469887.1956725425,507563.7044469795,355581.2602663513,79106.68733896624,4439.173968572873,78966.78118032332,84213.44925782003,85989.35680807529,92884.15791379724,65071.37062874228
0.0,0.1,0.7000000000000001,0.19999999999999996,True,147,0,15,103,29,100,0.5,0.183,359646.6021968675,25961.391848102467,357622.2126090182,392976.21468774765,405646.8446133879,426177.3957807722,307271.3037141638,65815.32820202675,4750.934708202751,65444.86490745033,71914.64728785782,74233.37256424998,77990.46342788132,56230.64857969197
0.0,0.1,0.75,0.15000000000000002,True,147,0,15,110,22,100,0.5,0.183,281280.69900883624,24089.620693886183,281268.91535335383,310335.42411589803,320941.46839758364,341339.38989841775,229706.0004038073,51474.367918617005,4408.400586981171,51472.21150966374,56791.38261320934,58732.2887167578,62465.10835141045,42036.19807389673
0.0,0.1,0.8,0.09999999999999998,True,147,0,15,118,14,100,0.5,0.183,192993.50624761387,22088.354716491434,191117.4197164487,221735.09654123022,234610.2016563734,273153.19747264107,157760.65466783816,35317.81164331334,4042.1689131179323,34974.487808110105,40577.52266704513,42933.666903116326,49987.035137493316,28870.199804214382
0.0,0.1,0.8500000000000001,0.04999999999999993,True,147,0,15,125,7,100,0.5,0.183,123171.25742170509,17744.5059331679,122488.99589270732,143626.19957726705,153086.43362019997,189300.0399633131,84646.6480078077,22540.340108172033,3247.244585769725,22415.486248365436,26283.59452263987,28014.81735249659,34641.9073132863,15490.33658542881
0.0,0.1,0.9,0.0,True,147,0,15,132,0,100,0.5,0.183,42659.55389713663,7302.513476014482,42182.741155059906,53051.66378340885,57120.79751790168,64502.57927393977,31432.469133126666,7806.698363176003,1336.3599661106502,7719.441631375963,9708.45447236382,10453.105945776008,11803.972007130978,5752.141851362179
0.0,0.15000000000000002,0.0,0.85,True,147,0,22,0,125,100,0.5,0.183,1419090.1327982459,17636.102003000946,1419796.1843108046,1441097.8326410821,1446624.8441763145,1459307.8321936326,1375164.568294043,259693.494302079,3227.406666549172,259822.7017288772,263720.90337331797,264732.3464842656,267053.33329143474,251655.11599780986
0.0,0.15000000000000002,0.05,0.7999999999999999,True,147,0,22,7,118,100,0.5,0.183,1347847.754142079,19806.35529474527,1347536.0091528026,1372428.9495176044,1380207.1358239483,1397840.6967519778,1304610.957912375,246656.1390080005,3624.563018938383,246599.08967496286,251154.49776172164,252577.90585578253,255804.84750561192,238743.80529796463
0.0,0.15000000000000002,0.1,0.75,True,147,0,22,15,110,100,0.5,0.183,1262100.123667229,23663.68906628211,1262553.7541697253,1293975.681897257,1301425.5492671728,1312762.1127279727,1204915.1301767682,230964.3226311029,4330.455099129626,231047.33701305976,236797.54978719805,238160.8755158926,240235.466629219,220499.46882234857
0.0,0.15000000000000002,0.15000000000000002,0.7,True,147,0,22,22,103,100,0.5,0.183,1185373.1774693204,25707.53361848674,1186471.521839912,1218912.6556468061,1221720.8288417645,1231366.5959352956,1115030.9848270665,216923.29147688564,4704.478652183073,217124.2884967039,223061.0159833655,223574.91167804287,225340.08705615907,204050.67022335317
0.0,0.15000000000000002,0.2,0.6499999999999999,True,147,0,22,29,96,100,0.5,0.183,1107975.47012444,29937.831551481944,1109675.5286981347,1146607.74031218,1153076.7326804276,1176701.0399099991,1037304.1342584735,202759.51103277248,5478.623173921194,203070.62175175865,209829.21647712894,211013.04208051827,215336.29030352982,189826.65656930066
0.0,0.15000000000000002,0.25,0.6,True,147,0,22,37,88,100,0.5,0.183,1023371.42834904,31786.040336490285,1021390.560351203,1062724.275658563,1070397.8198658265,1087657.8132333907,929990.6669881517,187276.9713878743,5816.845381577723,186914.47254427016,194478.54244551703,195882.80103544626,199041.3798217105,170188.29205883175
0.0,0.15000000000000002,0.30000000000000004,0.5499999999999999,True,147,0,22,44,81,100,0.5,0.183,945659.7176511079,25757.529664552898,947812.512999916,977035.297745409,982833.3434910261,1009778.6945360361,876013.7868435525,173055.7283301527,4713.627928613181,173449.68987898462,178797.45948740983,179858.50185885778,184789.5011000946,160310.5229923701
0.0,0.15000000000000002,0.35000000000000003,0.49999999999999994,True,147,0,22,51,74,100,0.5,0.183,869539.6937624223,27097.72700785284,868079.8300755725,903715.4652606345,920319.4655180527,938023.3548126377,811525.6394670402,159125.76395852328,4958.884042437068,158858.60890382977,165379.93014269613,168418.46218980363,171658.2739307127,148509.19202246834
0.0,0.15000000000000002,0.4,0.44999999999999996,True,147,0,22,59,66,100,0.5,0.183,781074.8184380431,31859.068903132655,786142.2868715334,815455.8495558294,826476.5992969268,861031.2672636469,689152.3976803104,142936.69177416185,5830.2096092732745,143864.0384974906,149228.4204687168,151245.21767133757,157568.7219092474,126114.8887754968
0.0,0.15000000000000002,0.45,0.39999999999999997,True,147,0,22,66,59,100,0.5,0.183,707422.0420260578,27871.61825030752,707332.1280865569,739293.0682907131,747723.3647151254,800148.5802072233,647402.2939744171,129458.2336907686,5100.506139806277,129441.77943983991,135290.6314972005,136833.37574286794,146427.19017792188,118474.61979731833
0.0,0.15000000000000002,0.5,0.35,True,147,0,22,74,51,100,0.5,0.183,620235.95715537,29593.32878100563,615925.5106432103,657606.4532384245,674846.9413099738,718447.8434042626,538509.4564722414,113503.18015943274,5415.57916692403,112714.3684477075,120341.9809426317,123496.99025972521,131475.95534298004,98547.23053442017
0.0,0.15000000000000002,0.55,0.29999999999999993,True,147,0,22,81,44,100,0.5,0.183,544914.9914701729,32669.98544663114,543803.9352014085,582451.2220171139,599504.857421576,657044.8228048624,481774.00278263417,99719.44343904166,5978.607336733499,99516.12014185774,106588.57362913186,109709.38890814841,120239.20257328982,88164.64250922205
0.0,0.15000000000000002,0.6000000000000001,0.2499999999999999,True,147,0,22,88,37,100,0.5,0.183,463228.7830495877,30070.01602566094,461506.9916742735,503909.976114169,515401.43053779716,546971.3897719674,398563.63032736204,84770.86729807453,5502.812932695952,84455.77947639205,92215.52562889292,94318.46178841688,100095.76432827003,72937.14434990725
0.0,0.15000000000000002,0.65,0.19999999999999996,True,147,0,22,96,29,100,0.5,0.183,380976.0450660447,28060.432810223407,382913.9188769662,417201.5638678004,423628.68351335963,449584.977292289,312778.2438468693,69718.61624708617,5135.059204270883,70073.24715448482,76347.88618780747,77524.04908294481,82274.05084448888,57238.418623977086
0.0,0.15000000000000002,0.7000000000000001,0.1499999999999999,True,147,0,22,103,22,100,0.5,0.183,306920.25793011044,23557.274792444325,307109.0242237279,335879.7205722419,345588.8422237169,381822.19721039693,252111.06822962643,56166.407201210204,4310.981287017311,56200.95143294221,61465.98886472026,63242.75812694019,69873.46208950263,46136.32548602163
0.0,0.15000000000000002,0.75,0.09999999999999998,True,147,0,22,110,15,100,0.5,0.183,225683.11333304126,20831.63837653204,221440.5408198482,252588.5301374594,263478.3001576786,288661.0276802042,191489.8636118234,41300.00973994655,3812.189822905363,40523.618970032214,46223.70101515507,48216.52892885518,52824.96806547737,35042.64504096368
0.0,0.15000000000000002,0.8,0.04999999999999993,True,147,0,22,118,7,100,0.5,0.183,139676.23647163413,16564.1533924828,138636.02408623576,160390.36493092746,168092.93088315034,190268.50745620084,105506.83054866758,25560.751274309052,3031.240070824352,25370.392407781146,29351.436782359728,30761.006351616514,34819.13686448475,19307.749990406166
0.0,0.15000000000000002,0.8500000000000001,0.0,True,147,0,22,125,0,100,0.5,0.183,62901.53511686476,8409.869742227698,61875.435870922855,73836.44659586842,77162.60272777925,83897.9031241345,47848.57592390555,11510.980926386248,1539.0061628276687,11323.204764378883,13512.06972704392,14120.756299183602,15353.316271716612,8756.289394074714
0.0,0.2,0.0,0.8,True,147,0,29,0,118,100,0.5,0.183,1369040.909766344,20107.58192150445,1370432.9091587155,1392986.2433238972,1399413.5351933637,1412374.9007667198,1319045.565646047,250534.48648724088,3679.6874916353136,250789.22237604493,254916.4825282732,256092.67694038554,258464.60684030972,241385.3385132266
0.0,0.2,0.05,0.75,True,147,0,29,7,111,100,0.5,0.183,1293805.7119907378,22333.140597546357,1298880.9094853732,1319019.678062118,1326471.380501121,1348118.4393059744,1229263.8989350132,236766.445294305,4086.964729350984,237695.20643582326,241380.60108536755,242744.26263170515,246705.6743929933,224955.2935051074
0.0,0.2,0.1,0.7000000000000001,True,147,0,29,15,103,100,0.5,0.183,1207086.1665761813,29055.149070956584,1207483.4337891988,1245886.2298369966,1254239.0646227193,1272625.822539051,1130177.3752496203,220896.76848344115,5317.092279985053,220969.46838342337,227997.1800601704,229525.74882595765,232890.52552464633,206822.45967068052
0.0,0.2,0.15000000000000002,0.65,True,147,0,29,22,96,100,0.5,0.183,1127792.7915075638,30412.05406501796,1127241.256720211,1169440.71888512,1176409.0727849968,1190398.450032873,1054274.7206572369,206386.0808458842,5565.405893898287,206285.14997979862,214007.65155597695,215282.86031965443,217842.91635601578,192932.27388027436
0.0,0.2,0.2,0.6000000000000001,True,147,0,29,29,89,100,0.5,0.183,1057305.6972546838,29710.155541605032,1060492.24286672,1090642.0105261728,1100720.8537703508,1111987.9835868042,966696.6502789159,193486.94259760712,5436.958464113721,194070.0804446098,199587.48792628964,201431.9162399742,203493.80099638517,176905.4870010416
0.0,0.2,0.25,0.55,True,147,0,29,37,81,100,0.5,0.183,966908.6594799049,29303.796699342045,967947.4150214626,1007213.220529667,1016114.2855520766,1029105.6339262908,897052.2548676045,176944.28468482255,5362.594795979595,177134.37694892765,184320.01935692906,185948.91425603002,188326.33100851122,164160.56264077162
0.0,0.2,0.30000000000000004,0.5,True,147,0,29,44,74,100,0.5,0.183,887744.8783921115,29682.898356436115,887617.5141296808,929106.6281434239,934643.3779945369,961086.9217184829,824516.3291050468,162457.31274575638,5431.970399227808,162434.00508573157,170026.51295024657,171039.73817300025,175878.90667448236,150886.48822622356
0.0,0.2,0.35000000000000003,0.45,True,147,0,29,51,67,100,0.5,0.183,811681.4773189009,28525.444272433942,812402.7636224246,844050.0171388119,858498.3077705725,877538.6354638368,722446.8999136979,148537.71034935885,5220.156301855411,148669.7057429037,154461.15313640257,157105.19032201477,160589.57028988213,132207.7826842067
0.0,0.2,0.4,0.4,True,147,0,29,59,59,100,0.5,0.183,731164.3713932353,32163.93340461276,730718.6997372783,773086.850944278,794309.0956384022,815025.1559717179,661942.8819025224,133803.07996496206,5885.999813044136,133721.52205192193,141474.89372280287,145358.56450182758,149149.60354282436,121135.54738816159
0.0,0.2,0.45,0.35000000000000003,True,147,0,29,66,52,100,0.5,0.183,649675.1098881101,30141.352960824,650376.9466848233,694754.0307954208,703100.5617181978,718532.3908712994,592757.6798238194,118890.54510952417,5515.867591830794,119018.98124332266,127139.987635562,128667.40279443019,131491.4275294478,108474.65540775895
0.0,0.2,0.5,0.30000000000000004,True,147,0,29,74,44,100,0.5,0.183,560845.3676487972,26390.541933406508,561784.4479700306,596270.0715999171,600919.884842418,616850.3975529792,498433.32267060364,102634.7022797299,4829.469173813391,102806.55397851559,109117.42310278483,109968.3389261625,112883.62275219518,91213.29804872046
0.0,0.2,0.55,0.25,True,147,0,29,81,37,100,0.5,0.183,485680.5633288084,26483.608370596365,484696.800780574,518999.2519130688,531035.6830209519,571960.9605828489,427462.40177467914,88879.54308917194,4846.500331819136,88699.51454284502,94976.86310009159,97179.52999283421,104668.85578666134,78225.61952476628
0.0,0.2,0.6000000000000001,0.19999999999999996,True,147,0,29,88,30,100,0.5,0.183,407732.7025527379,26836.542338160627,407717.0439384002,446640.4529975738,453447.3551287828,464724.1802603133,333360.89484964334,74615.08456715102,4911.087247883394,74612.21904072724,81735.202898556,82980.86598856725,85044.52498763734,61005.04375748473
0.0,0.2,0.65,0.15000000000000002,True,147,0,29,96,22,100,0.5,0.183,321568.51149684965,23112.15324823989,320017.92221486155,353191.3920987155,359068.78677364544,381331.60634156957,276386.2324111857,58847.03760392349,4229.5240444279,58563.27976531966,64634.02475406494,65709.58797957712,69783.68396050723,50578.68053124698
0.0,0.2,0.7000000000000001,0.09999999999999998,True,147,0,29,103,15,100,0.5,0.183,247499.3341551032,20436.199422842474,244937.68543969016,275809.22311939567,288533.0984301346,302591.64323537983,212586.76982026652,45292.378150383876,3739.8244943801733,44823.5964354633,50473.08783084941,52801.55701271463,55374.27071207451,38903.37887710877
0.0,0.2,0.75,0.050000000000000044,True,147,0,29,110,8,100,0.5,0.183,169362.87053384955,16461.737146701867,168416.08549863528,189812.88327884278,196598.85910144696,217745.7871985746,136857.75067223312,30993.405307694473,3012.497897846442,30820.143646250253,34735.757640028234,35977.5912155648,39847.47905733915,25044.96837301866
0.0,0.2,0.8,0.0,True,147,0,29,118,0,100,0.5,0.183,83282.46977410182,10691.974949440219,81837.21552887549,98175.22257332069,100348.97352559207,108530.59045700749,62214.5318268945,15240.691968660634,1956.6314157475601,14976.210441784213,17966.065730917686,18363.86215518335,19861.09805363237,11385.259324321692
0.0,0.25,0.0,0.75,True,147,0,37,0,110,100,0.5,0.183,1306267.294740023,22583.18844468896,1305469.8186488317,1336360.6171639424,1342811.3554108734,1362477.619249583,1243054.5922259912,239046.91493742424,4132.72348537808,238900.9768127362,244553.99294100146,245734.47804018983,249333.40432267368,227478.9903773564
0.0,0.25,0.05,0.7,True,147,0,37,7,103,100,0.5,0.183,1231509.2715380227,21464.193808024476,1232775.5653659867,1260434.121334157,1264968.4250815145,1282251.6346916484,1164386.1448546292,225366.19669145814,3927.94746686848,225597.92846197553,230659.44420415073,231489.22178991718,234652.04914857165,213082.66450839714
0.0,0.25,0.1,0.65,True,147,0,37,15,95,100,0.5,0.183,1146459.402295278,23284.070606946,1145858.766277931,1177117.4793188274,1187185.1124109908,1210250.6551724426,1089372.5024779043,209802.07062003584,4260.984921071117,209692.15422886136,215412.49871534543,217254.8755712113,221475.86989655698,199355.1679534565
0.0,0.25,0.15000000000000002,0.6,True,147,0,37,22,88,100,0.5,0.183,1063787.1838303604,26839.097922942674,1060121.9058530282,1099297.8552153532,1108184.6641663006,1129022.2154940027,970597.2791185466,194673.05464095605,4911.55491989851,194002.30877110414,201171.50750440964,202797.79354243298,206611.06543540247,177619.30207869402
0.0,0.25,0.2,0.55,True,147,0,37,29,81,100,0.5,0.183,993922.4475354543,29212.68193277687,992423.1667225009,1027841.308994821,1041802.9426111935,1066003.0451945253,920499.2469208633,181887.8078989881,5345.9207936981675,181613.43951021766,188094.95954605224,190649.9384978484,195078.55727059813,168451.36218651797
0.0,0.25,0.25,0.5,True,147,0,37,37,73,100,0.5,0.183,899859.1390974453,28496.20067046426,904282.0193741366,932310.8318941154,936277.3927494353,956544.2379377664,813962.2469038906,164674.22245483252,5214.80472269496,165483.609545467,170612.8822366231,171338.76287314665,175047.59554261123,148955.09118341198
0.0,0.25,0.30000000000000004,0.44999999999999996,True,147,0,37,44,66,100,0.5,0.183,830976.9893555425,30235.141698902782,832771.2198423063,868128.3783617397,873482.2204852665,901536.1168482737,754252.7734628299,152068.78905206424,5533.03093089921,152397.13323114207,158867.49324019835,159847.24634880378,164981.10938323408,138028.25754369787
0.0,0.25,0.35000000000000003,0.39999999999999997,True,147,0,37,51,59,100,0.5,0.183,744073.5132916699,27347.07304627778,742190.0631856475,781523.9086560078,790446.5646519238,825954.1365344216,687809.3067931585,136165.45293237557,5004.514367468833,135820.78156297348,143018.87528404943,144651.72133130205,151149.60698579915,125869.10314314801
0.0,0.25,0.4,0.35,True,147,0,37,59,51,100,0.5,0.183,662635.4152412578,29967.405779368954,665957.5110375666,693976.0626073059,703797.5148492297,746621.2601685544,593472.0165061277,121262.28098915014,5484.035257624519,121870.22451987468,126997.619457137,128794.94521740904,136631.69061084546,108605.37902062136
0.0,0.25,0.45,0.3,True,147,0,37,66,44,100,0.5,0.183,587846.541845196,28544.863682153355,588405.3324604114,623475.2320301221,629362.2677508714,657665.048339715,524991.8682804047,107575.9171576709,5223.710053834064,107678.17584025527,114095.96746151234,115173.29499840946,120352.70384616785,96073.51189531406
0.0,0.25,0.5,0.25,True,147,0,37,74,36,100,0.5,0.183,499384.83891499584,26023.84117167889,499042.6481014646,527941.9534958646,541636.2964055348,568745.6890022538,432964.1907041118,91387.42552144425,4762.362934417237,91324.80460256802,96613.37748974323,99119.44224221287,104080.46108741245,79232.44689885246
0.0,0.25,0.55,0.19999999999999996,True,147,0,37,81,29,100,0.5,0.183,423848.2010470328,26816.90190504497,420303.5488190147,460421.35351822205,472013.6265266075,500285.37968810723,367335.25308269635,77564.22079160699,4907.49304862323,76915.5494338797,84257.10769383464,86378.49365436917,91552.22448292362,67222.35131413343
0.0,0.25,0.6000000000000001,0.1499999999999999,True,147,0,37,88,22,100,0.5,0.183,344090.1432485895,21342.962688787855,343997.7223462908,370063.35798236664,377064.80560330197,406936.4877560283,302343.4950579237,62968.49621449187,3905.762172048176,62951.58318937122,67721.5945107731,69002.85942540427,74469.37725935318,55328.85959560004
0.0,0.25,0.65,0.09999999999999998,True,147,0,37,96,14,100,0.5,0.183,258857.7346851601,22664.277281502582,259553.680099361,288046.63299272984,294172.34358669334,310872.1341389341,204583.1087260875,47370.96544738429,4147.562742514972,47498.32345818306,52712.53383766956,53833.53887636488,56889.60054742493,37438.70889687401
0.0,0.25,0.7000000000000001,0.04999999999999993,True,147,0,37,103,7,100,0.5,0.183,183090.38743000408,17236.155903974126,182594.96983302076,204279.7158366324,211080.9730681554,244756.27884087563,141943.90387027452,33505.54089969074,3154.216530427265,33414.879479442796,37383.18799810373,38627.81807147244,44790.39902788024,25975.734408260236
0.0,0.25,0.75,0.0,True,147,0,37,110,0,100,0.5,0.183,107369.60759621853,10794.817778147846,106006.51680333397,121916.69619102286,128143.11954844903,140139.49067714458,82960.18162893475,19648.638190107984,1975.4516534010559,19399.192575010118,22310.755402957184,23450.19087736617,25645.52679391746,15181.713238095059
0.0,0.30000000000000004,0.0,0.7,True,147,0,44,0,103,100,0.5,0.183,1248535.7616907712,24388.87526463062,1246766.2970256498,1278561.972992224,1289819.6145858562,1300130.0015047283,1194406.6588229912,228482.04438941114,4463.164173427405,228158.23235569388,233976.84105757697,236036.98946921166,237923.7902753653,218576.4185646074
0.0,0.30000000000000004,0.05,0.6499999999999999,True,147,0,44,7,96,100,0.5,0.183,1175962.1370001212,20948.974685187586,1177252.0994281063,1201040.7296713833,1209717.6279057488,1231763.953722129,1130464.0010691567,215201.07107102216,3833.662367389329,215437.13419534345,219790.45352986312,221378.32590675203,225412.80353114964,206874.91219565566
0.0,0.30000000000000004,0.1,0.6,True,147,0,44,15,88,100,0.5,0.183,1081986.9294524472,26750.367970101,1083391.469884134,1113668.6223365376,1123025.6295411803,1143564.6627237636,999118.5148525726,198003.60808979787,4895.317338528483,198260.6389887965,203801.35788758637,205513.690206036,209272.33327844873,182838.68821802078
0.0,0.30000000000000004,0.15000000000000002,0.5499999999999999,True,147,0,44,22,81,100,0.5,0.183,1011788.8554579758,27048.459430994495,1008539.8108040898,1047785.9864333067,1057360.9020371921,1080500.3229087582,934941.4709500818,185157.36054880952,4949.868075871991,184562.78537714842,191744.83551729514,193497.04507280616,197731.55909230275,171094.28918386498
0.0,0.30000000000000004,0.2,0.49999999999999994,True,147,0,44,29,74,100,0.5,0.183,929234.2672790161,28770.30206423274,927826.3932516112,970050.8955685162,972066.9766077506,1004718.4872328494,851926.4474372037,170049.87091205997,5264.965277754591,169792.22996504483,177519.3138890385,177888.25671921836,183863.48316361144,155902.53988100827
0.0,0.30000000000000004,0.25,0.44999999999999996,True,147,0,44,37,66,100,0.5,0.183,846550.2740622349,30116.524901458593,842556.3072331841,893292.2383575432,901500.8491282762,922003.2119567363,773319.1105291623,154918.70015338899,5511.324056966922,154187.8042236727,163472.47961943038,164974.65539047454,168726.58778808275,141517.3972268367
0.0,0.30000000000000004,0.30000000000000004,0.3999999999999999,True,147,0,44,44,59,100,0.5,0.183,766007.0041043124,31442.004140531248,765232.0213444505,804598.3073491553,817486.7924759806,845489.7078181157,675276.6816843905,140179.28175108915,5753.886757717217,140037.45990603443,147241.49024489542,149600.08302310444,154724.61653071517,123575.63274824346
0.0,0.30000000000000004,0.35000000000000003,0.3499999999999999,True,147,0,44,51,52,100,0.5,0.183,695236.6209771555,29608.794762994414,693734.9287325619,737004.5770174937,744564.2184540357,758314.5134083655,624617.9857063213,127228.30163881948,5418.409441627978,126953.49195805882,134871.83759420135,136255.2519770885,138771.5559537309,114305.0913842568
0.0,0.30000000000000004,0.4,0.29999999999999993,True,147,0,44,59,44,100,0.5,0.183,600799.1607488404,27212.50713240617,599279.7610405126,636863.1630311782,640012.8256888129,677451.171657461,522370.3165066379,109946.24641703781,4979.888805230328,109668.1962704138,116545.95883470561,117122.34710105276,123973.56441331535,95593.76792071473
0.0,0.30000000000000004,0.45,0.24999999999999994,True,147,0,44,66,37,100,0.5,0.183,530813.591706918,28435.992147067394,525163.6717749776,564524.3830631282,587689.9571677344,602649.867333203,452727.32756487944,97138.88728236599,5203.786562913332,96104.95193482089,103307.96210055247,107547.26216169538,110284.92572197613,82849.10094437294
0.0,0.30000000000000004,0.5,0.19999999999999996,True,147,0,44,74,29,100,0.5,0.183,445535.00162907614,26098.365599566954,444964.30585349223,475480.2282848194,497303.55525628163,517051.88047545793,393830.0046283122,81532.90529812091,4776.000904720753,81428.46797118908,87012.88177612195,91006.55061189953,94620.4941270088,72070.89084698113
0.0,0.30000000000000004,0.55,0.1499999999999999,True,147,0,44,81,22,100,0.5,0.183,368466.4296417945,24724.085304514607,371816.5407984181,399799.4263271254,408949.0765328635,424544.0184543516,313780.38077260647,67429.35662444838,4524.507610726173,68042.4269661105,73163.29501786396,74837.68100551401,77691.55537714633,57421.809681386985
0.0,0.30000000000000004,0.6000000000000001,0.09999999999999987,True,147,0,44,88,15,100,0.5,0.183,291605.0895824233,21891.585548611038,291748.22703274374,318681.4772768638,327809.85916811816,338549.17762395885,238973.20214653795,53363.73139358346,4006.1601553958203,53389.925546992105,58318.71034166608,59989.204227765615,61954.49950518447,43732.095992816445
0.0,0.30000000000000004,0.65,0.04999999999999993,True,147,0,44,96,7,100,0.5,0.183,205459.15492316504,16791.628783715703,204520.72268921568,227955.40650975096,231288.2056329715,258696.54856527242,172412.6653662055,37599.02535093919,3072.868067419973,37427.29225212647,41715.839391284426,42325.741630833785,47341.46838744485,31551.517762015606
0.0,0.30000000000000004,0.7000000000000001,0.0,True,147,0,44,103,0,100,0.5,0.183,127684.4009803493,13189.22379043526,127812.04076578193,147169.57961667885,150109.0354890761,156252.02992267118,98281.10343943196,23366.24537940392,2413.6279536496527,23389.603460138092,26932.033069852227,27469.953494500925,28594.121475848824,17985.441929416047
0.0,0.35000000000000003,0.0,0.6499999999999999,True,147,0,51,0,96,100,0.5,0.183,1192427.2245097696,21313.17673941966,1195796.8953781324,1215481.34943208,1225876.49148508,1234325.865883191,1135376.8582720498,218214.18208528784,3900.3113433137983,218830.83185419822,222433.08694607066,224335.39794176965,225881.63345662397,207773.96506378512
0.0,0.35000000000000003,0.05,0.5999999999999999,True,147,0,51,7,89,100,0.5,0.183,1117714.5314415153,25287.13022301459,1117728.3392954296,1148022.5864098992,1154627.3878727984,1185165.0796453801,1042426.6437484636,204541.7592537973,4627.544830811669,204544.28609106364,210088.13331301152,211296.8119807221,216885.20957510456,190764.07580596884
0.0,0.35000000000000003,0.1,0.5499999999999999,True,147,0,51,15,81,100,0.5,0.183,1031225.5048885185,26905.846727805398,1028619.3159392837,1062393.0546297752,1075272.3328862747,1098237.7805609982,959021.7020183399,188714.26739459884,4923.769951188389,188237.3348168889,194417.92899724888,196774.83691818826,200977.51384266268,175500.97146935618
0.0,0.35000000000000003,0.15000000000000002,0.4999999999999999,True,147,0,51,22,74,100,0.5,0.183,950277.0260538803,27868.32655497074,949069.3661811738,985655.0023786294,995020.5756797249,1010084.8317231119,889216.6501958981,173900.6957678601,5099.903759559645,173679.69401115482,180374.86543528916,182088.76534938967,184845.52420532948,162726.64698584937
0.0,0.35000000000000003,0.2,0.4499999999999999,True,147,0,51,29,67,100,0.5,0.183,877247.5687847647,24899.247239802327,877791.059512971,909588.8000825098,914315.1312128367,936498.9789567379,819562.7962701746,160536.30508761192,4556.562244883826,160635.7638908737,166454.7504150993,167319.6690119491,171379.31314908303,149979.99171744194
0.0,0.35000000000000003,0.25,0.3999999999999999,True,147,0,51,37,59,100,0.5,0.183,788967.7004734755,30426.377561948146,788924.7208164523,825865.818926714,839496.6048656406,885225.3823321471,709713.5321252969,144381.089186646,5568.02709383651,144373.22390941076,151133.44486358867,153627.87869041224,161996.24496678292,129877.57637892933
0.0,0.35000000000000003,0.30000000000000004,0.34999999999999987,True,147,0,51,44,52,100,0.5,0.183,710476.2542072337,27230.236199603438,715544.4695777548,738590.848407612,745125.8041023536,775844.9939670675,625553.6924208646,130017.15451992379,4983.133224527429,130944.63793272914,135162.12525859298,136358.02215073074,141979.63389597335,114476.32571301822
0.0,0.35000000000000003,0.35000000000000003,0.2999999999999999,True,147,0,51,51,45,100,0.5,0.183,637138.4712611244,30372.488880046036,636233.4970686054,675623.2480927389,685381.041425078,720406.7156925729,580247.0248144366,116596.34024078576,5558.165465048423,116430.72996355478,123639.05440097123,125424.73058078926,131834.42897174082,106185.20554104188
0.0,0.35000000000000003,0.4,0.2499999999999999,True,147,0,51,59,37,100,0.5,0.183,550854.5359829589,25975.855080026766,552448.9570720968,583237.1276656251,591414.1203496583,608102.7592197284,487421.5457975499,100806.38008488147,4753.5814796448985,101098.1591441937,106732.39436280937,108228.78402398748,111282.8049372103,89198.14288095162
0.0,0.35000000000000003,0.45,0.1999999999999999,True,147,0,51,66,30,100,0.5,0.183,471348.1435416597,25165.32924217611,467955.8181975422,505422.9188783864,515585.1488686904,538024.5227681451,407086.4362636952,86256.71026812372,4605.255251318228,85635.91473015022,92492.3941547447,94352.08224297034,98458.48766657055,74496.81783625622
0.0,0.35000000000000003,0.5,0.1499999999999999,True,147,0,51,74,22,100,0.5,0.183,380436.99992622377,26916.550531681765,380515.60633481614,414356.1169917262,420420.0141767971,451862.4271891217,318958.4585420576,69619.97098649894,4925.728747297763,69634.35595927136,75827.1694094859,76936.86259435388,82690.82417560928,58369.39791319654
0.0,0.35000000000000003,0.55,0.09999999999999987,True,147,0,51,81,15,100,0.5,0.183,314074.0131039185,22539.997499145433,312088.5197325732,341697.31402884325,352643.58688546595,375995.51449261163,266718.96451218333,57475.54439801709,4124.819542343614,57112.199111060894,62530.60846727831,64533.77640004026,68807.17915214793,48809.57050572955
0.0,0.35000000000000003,0.6000000000000001,0.04999999999999982,True,147,0,51,88,8,100,0.5,0.183,236222.4321785809,16749.2739196952,235050.01118370966,256852.7521261124,260212.8965006805,286865.10574004357,191861.65438146645,43228.70508868031,3065.1171273042214,43014.15204661887,47004.05363907857,47618.96005962453,52496.31435042797,35110.68275180836
0.0,0.35000000000000003,0.65,0.0,True,147,0,51,96,0,100,0.5,0.183,148853.65466291725,11641.855427644603,148900.50429915567,164617.78143941847,167664.699070133,171191.62485755622,113380.15265488854,27240.218803313855,2130.459543258962,27248.792286745487,30125.05400341358,30682.63992983434,31328.06734893279,20748.567935844603
0.0,0.4,0.0,0.6,True,147,0,59,0,88,100,0.5,0.183,1123925.220190947,23385.64605469754,1124681.8521234228,1153162.8499902834,1162458.8406113076,1189949.9819460306,1069772.9181919463,205678.3152949433,4279.57322800965,205816.77893858636,211028.80154822185,212729.9678318693,217760.8466961236,195768.44402912617
0.0,0.4,0.05,0.5499999999999999,True,147,0,59,7,81,100,0.5,0.183,1049279.5426523492,23170.690055433013,1050709.3263678765,1081179.778419766,1087632.7481384892,1099211.1654379643,996468.4290193191,192018.1563053799,4240.236280144242,192279.8067253214,197855.89945081717,199036.79290934355,201155.64327514745,182353.7225105354
0.0,0.4,0.1,0.5,True,147,0,59,15,73,100,0.5,0.183,960679.2773224851,26517.300602386626,960253.9132514911,994511.3842849935,1001916.0148465666,1017185.3902893057,891274.7426983044,175804.3077500147,4852.666010236751,175726.46612502288,181995.58332415382,183350.6307169217,186144.92642294295,163103.2779137897
0.0,0.4,0.15000000000000002,0.44999999999999996,True,147,0,59,22,66,100,0.5,0.183,890205.3479640323,25490.376945938842,890433.1145050402,924477.593416884,931089.6351710564,948272.3651567318,830312.5169331727,162907.57867741789,4664.738981106809,162949.25995442236,169179.39959528978,170389.40323630333,173533.84282368192,151947.1905987706
0.0,0.4,0.2,0.39999999999999997,True,147,0,59,29,59,100,0.5,0.183,809612.0637343468,28651.720156461095,808284.8874171916,850047.8836012984,857225.9808584807,886623.2988160105,744728.1237759902,148159.00766338545,5243.264788632379,147916.13439734606,155558.76269903762,156872.35449710197,162252.0636833299,136285.2466510062
0.0,0.4,0.25,0.35,True,147,0,59,37,51,100,0.5,0.183,727348.1655070402,27132.99369567685,726559.8857136302,761449.8182257761,771099.700890826,799517.2903690012,648779.3479355966,133104.71428778837,4965.337846308864,132960.45908559434,139345.31673531703,141111.24526302115,146311.66413752723,118726.62067221418
0.0,0.4,0.30000000000000004,0.29999999999999993,True,147,0,59,44,44,100,0.5,0.183,648351.7153550654,25014.62374765216,652814.0691327262,679433.7967067383,685255.5803988492,704741.3498388396,590615.8141936295,118648.36390997696,4577.6761458203455,119464.97465128888,124336.38479733311,125401.77121298942,128967.66702050765,108082.69399743421
0.0,0.4,0.35000000000000003,0.24999999999999994,True,147,0,59,51,37,100,0.5,0.183,572040.6710379102,23567.740519025465,571122.73941331,604125.7778066817,613151.6184870248,632161.8610804898,508550.86239614995,104683.44279993756,4312.89651498166,104515.46131263571,110555.01733862275,112206.74618312554,115685.62057772963,93064.80781849544
0.0,0.4,0.4,0.19999999999999996,True,147,0,59,59,29,100,0.5,0.183,483977.3099333378,26019.5042222968,480569.91745292523,517670.7364413527,524982.5986253963,557155.1709134338,421681.7005118538,88567.84771780083,4761.5692726803145,87944.29489388532,94733.74476876753,96071.81554844753,101959.39627715838,77167.75119366925
0.0,0.4,0.45,0.14999999999999997,True,147,0,59,66,22,100,0.5,0.183,413991.4458428029,23860.050235403265,414202.742237548,448706.4940840161,456402.93773220497,466301.31510846445,363258.05724434665,75760.43458923294,4366.389193078798,75799.10182947128,82113.28841737495,83521.73760499351,85333.140664849,66476.22447571544
0.0,0.4,0.5,0.09999999999999998,True,147,0,59,74,14,100,0.5,0.183,326761.33687738376,22461.222101095973,323309.2663793254,358943.3870379016,364706.2137925373,378773.263532139,279243.80591077334,59797.32464856123,4110.403644500563,59165.59574741655,65686.639827936,66741.23712403432,69315.50722638144,51101.61648167152
0.0,0.4,0.55,0.04999999999999993,True,147,0,59,81,7,100,0.5,0.183,244745.3040556471,17193.790270124522,244584.71094556843,267311.0354654434,275056.61435787746,293374.39048624784,197476.47418230074,44788.39064218343,3146.4636194327873,44759.00210303902,48917.919490176144,50335.36042749157,53687.513458983354,36138.19477536104
0.0,0.4,0.6000000000000001,0.0,True,147,0,59,88,0,100,0.5,0.183,169233.5878310688,12026.029523996109,169693.81628097844,183205.69471825284,186526.67788185854,196271.6217761882,141071.44909564746,30969.7465730856,2200.763402891288,31053.96837941905,33526.64213344027,34134.38205238011,35917.70678504244,25816.075184503487
0.0,0.45,0.0,0.55,True,147,0,66,0,81,100,0.5,0.183,1072149.2336042095,23184.590405305727,1069245.0768461695,1103198.687328532,1108978.339247297,1143397.6854114723,1020136.3929493083,196203.30974957033,4242.780044170949,195671.849062849,201885.35978112137,202943.03608225536,209241.77643029945,186684.9599097234
0.0,0.45,0.05,0.5,True,147,0,66,7,74,100,0.5,0.183,997314.7044575685,23418.621118921506,1000501.4707369574,1025434.5447155787,1036293.3401938751,1049411.4599507158,934028.3683720274,182508.59091573503,4285.607664762634,183091.7691448632,187654.5216829509,189641.68125547917,192042.29717098098,170927.191412081
0.0,0.45,0.1,0.45000000000000007,True,147,0,66,15,66,100,0.5,0.183,905811.3329849557,26411.01875234511,907895.3977137668,936014.4529374903,942858.2846346969,987812.0778260618,845455.1541731199,165763.47393624688,4833.216431679154,166144.85778161933,171290.64488756072,172543.06608814953,180769.6102421693,154718.29321368094
0.0,0.45,0.15000000000000002,0.4,True,147,0,66,22,59,100,0.5,0.183,831207.341122774,29377.352664986673,829657.6332678555,873036.2127229406,878156.0786115819,907887.5824011823,771401.8697115502,152110.94342546762,5376.055537692561,151827.34688801755,159765.62692829812,160702.5623859195,166143.42757941634,141166.54215721367
0.0,0.45,0.2,0.35000000000000003,True,147,0,66,29,52,100,0.5,0.183,758222.9697156622,25401.467748869803,759157.0972260984,791976.8621129853,801970.0079804228,822254.6263227793,704347.0064775404,138754.80345796613,4648.468598043174,138925.74879237602,144931.7657666763,146760.5114604174,150472.59661706863,128895.50218538988
0.0,0.45,0.25,0.30000000000000004,True,147,0,66,37,44,100,0.5,0.183,670949.4614869392,27197.90833544734,671390.6227528752,703543.808330771,717929.4459637797,740311.3194047553,608839.9583521298,122783.75145210991,4977.217225386863,122864.48396377616,128748.51692453111,131381.0886113717,135476.97145107022,111417.71237843976
0.0,0.45,0.30000000000000004,0.25,True,147,0,66,44,37,100,0.5,0.183,593821.2535385336,25950.144258150864,593689.9958786041,622711.2211396758,640151.1170794261,665399.0162943419,534076.6706442082,108669.28939755166,4748.876399241608,108645.26924578456,113956.15346856067,117147.65442553497,121768.01998186456,97736.0307278901
0.0,0.45,0.35000000000000003,0.2,True,147,0,66,51,30,100,0.5,0.183,514113.8931579955,22476.16850781422,512865.91698081524,540578.636868647,551838.0213066306,577556.1783952211,461167.60706062487,94082.84244791316,4113.138836930003,93854.46280748918,98925.89054696239,100986.3578991134,105692.78064632547,84393.67209209435
0.0,0.45,0.4,0.15000000000000002,True,147,0,66,59,22,100,0.5,0.183,431256.1405553848,22357.62284086827,431317.9900033526,459487.3675808185,468006.32950367767,491710.10548120615,387131.5227216266,78919.87372163545,4091.4449798788933,78931.19217061352,84086.18826728978,85645.15829917302,89982.94930306073,70845.06865805767
0.0,0.45,0.45,0.10000000000000003,True,147,0,66,66,15,100,0.5,0.183,355536.25843411864,23856.28343978837,357000.85071090783,384977.84158423636,391202.36917794443,407151.2037373731,310732.53368423146,65063.13529344373,4365.699869481272,65331.15568009613,70450.94500991526,71590.03355956383,74508.67028393928,56864.053664214356
0.0,0.45,0.5,0.050000000000000044,True,147,0,66,74,7,100,0.5,0.183,265740.35393622884,17733.732996994695,267227.1522958738,287580.2125483421,291864.785414338,312645.8144906373,218810.6606013215,48630.484770329895,3245.2731384500285,48902.5688701449,52627.1788963466,53411.255730823854,57214.18405178662,40042.35089004183
0.0,0.45,0.55,0.0,True,147,0,66,81,0,100,0.5,0.183,189590.73222348804,11863.790015938032,187999.6532011154,206886.3399233884,209561.43790832916,215207.24811454053,159566.83980333648,34695.1039968983,2171.0735729166595,34403.93653580412,37860.20020598008,38349.74313722423,39382.92640496092,29200.731684010574
0.0,0.5,0.0,0.5,True,147,0,74,0,73,100,0.5,0.183,1011648.6839986045,24749.93713641744,1009124.7596652213,1045844.6783197288,1054891.7586361188,1080184.4025096428,961519.8175498446,185131.70917174465,4529.238495964392,184669.83101873548,191389.57613251035,193045.19183040975,197673.74565926462,175958.12661162156
0.0,0.5,0.05,0.45,True,147,0,74,7,66,100,0.5,0.183,935373.3078100032,25967.978312353207,937621.4278802709,965295.4814540948,978404.8834409742,987792.5966940876,867772.7957972835,171173.31532923054,4752.1400311606385,171584.72130208957,176649.07310609933,179048.09366969828,180766.04519501803,158802.42163090289
0.0,0.5,0.1,0.4,True,147,0,74,15,58,100,0.5,0.183,848222.3546064947,25490.96045796647,848099.560542267,883078.1747260949,891282.1333301216,904970.47354278,783379.8049061614,155224.69089298852,4664.845763807863,155202.21957923486,161603.30597487537,163104.63039941224,165609.59665832875,143358.50429782752
0.0,0.5,0.15000000000000002,0.35,True,147,0,74,22,51,100,0.5,0.183,775851.9897757474,26579.005639932944,776364.7177821674,808444.1698033508,819690.4788421713,842875.6856370457,704606.9172738127,141980.91412896177,4863.958032107728,142074.74335413665,147945.28307401322,150003.35762811734,154246.25047157935,128943.06586110772
0.0,0.5,0.2,0.3,True,147,0,74,29,44,100,0.5,0.183,695164.7939997448,27623.059008395205,694094.2878961527,730674.926850342,735984.8918511271,751223.4073928738,604750.5753187123,127215.15730195331,5055.019798536322,127019.25468499595,133713.5116136126,134685.23520875626,137473.8835528959,110669.35528332434
0.0,0.5,0.25,0.25,True,147,0,74,37,36,100,0.5,0.183,607250.2961450348,26852.697341309125,610580.5818769494,641501.7007069726,647274.8380540014,674685.7948962869,528245.8359801045,111126.80419454137,4914.04361345957,111736.24648348175,117394.81122937599,118451.29536388227,123467.5004660205,96668.98798435912
0.0,0.5,0.30000000000000004,0.19999999999999996,True,147,0,74,44,29,100,0.5,0.183,534921.1466265175,25544.456535416168,535803.5010513734,566611.4732841225,578408.7695968858,590957.3291177172,487400.4551936685,97890.56983265269,4674.635545981159,98052.04069240134,103689.89961099443,105848.80483623008,108145.19122854224,89194.28330044133
0.0,0.5,0.35000000000000003,0.14999999999999997,True,147,0,74,51,22,100,0.5,0.183,453547.3751068086,22872.578900467222,451848.61794503854,483592.8764858471,489304.1927288429,500611.56669587287,388229.7257616668,82999.169644546,4185.681938785502,82688.29708394204,88497.49639691002,89542.66726937826,91611.91670534473,71046.03981438502
0.0,0.5,0.4,0.09999999999999998,True,147,0,74,59,14,100,0.5,0.183,370907.0150086043,19008.427423613768,368706.8678583389,394843.77558515983,402191.23586988915,422340.17248221085,318030.5315469912,67875.98374657458,3478.542218521319,67473.35681807602,72256.41093208424,73600.99616418971,77288.25156424458,58199.58727309939
0.0,0.5,0.45,0.04999999999999999,True,147,0,74,66,7,100,0.5,0.183,286951.52587388584,18185.398711167963,285717.3848012516,312117.7959011174,319608.5272358637,322688.1836116473,241307.19090337303,52512.12923492112,3327.9279641437374,52286.281418629034,57117.55664990448,58488.36048416306,59051.93760093145,44159.21593531726
0.0,0.5,0.5,0.0,True,147,0,74,73,0,100,0.5,0.183,213976.30285767288,13353.384614623868,214866.89565118685,231297.62351411599,234753.74605590213,240668.94289437932,174939.57206604496,39157.663422954145,2443.6693844761685,39320.64190416719,42327.465103083225,42959.93552823009,44042.41654967141,32013.941688086226
0.0,0.55,0.0,0.44999999999999996,True,147,0,81,0,66,100,0.5,0.183,955012.3095204144,20272.309237206093,953744.5589522953,982649.7357550942,988716.9977945075,999621.0562631984,907626.8397870346,174767.25264223584,3709.8325904087146,174535.25428827005,179824.90164318227,180935.21059639487,182930.65329616528,166095.71168102731
0.0,0.55,0.05,0.39999999999999997,True,147,0,81,7,59,100,0.5,0.183,879223.7937365887,24642.165549468238,878015.905527628,913700.6694644552,921133.2798484872,940756.2915466041,819959.7325640928,160897.95425379573,4509.516295552687,160676.91071155592,167207.2225119953,168567.39021227317,172158.40135302854,150052.631059229
0.0,0.55,0.1,0.35,True,147,0,81,15,51,100,0.5,0.183,789919.9320419505,24619.819965109822,792013.4599498732,821824.1358192483,830825.3033832706,852660.3090644809,712755.2296400961,144555.34756367694,4505.427053615097,144938.46317082678,150393.81685492242,152041.0305191385,156036.83655880002,130434.20702413758
0.0,0.55,0.15000000000000002,0.29999999999999993,True,147,0,81,22,44,100,0.5,0.183,714085.3447639212,26783.61402261601,714526.498916469,749794.1112466205,758823.4924711036,788295.5367542224,660308.9777692914,130677.61809179759,4901.401366138731,130758.34930171384,137212.32235813155,138864.69912221195,144258.0832260227,120836.54293178032
0.0,0.55,0.2,0.24999999999999994,True,147,0,81,29,37,100,0.5,0.183,634477.5151373128,23196.49179177122,634583.9159386205,663273.2930508222,677178.4779998292,691349.7707231236,580020.4995687528,116109.38527012824,4244.957997894133,116128.85661676753,121379.01262830048,123923.66147396874,126517.00804233161,106143.75142108176
0.0,0.55,0.25,0.19999999999999996,True,147,0,81,37,29,100,0.5,0.183,549663.2163671227,25137.96675723326,550742.8909539864,584072.214207566,593286.484314051,607579.7266412625,487253.8846537732,100588.36859518345,4600.247916573685,100785.94904457952,106885.21519998457,108571.42662947133,111187.08997535105,89167.4608916405
0.0,0.55,0.30000000000000004,0.1499999999999999,True,147,0,81,44,22,100,0.5,0.183,474093.3788752161,21823.8155627388,474242.32353825076,501466.8447901761,513327.9885569991,536657.8984400125,420940.4593251474,86759.08833416454,3993.7582479812004,86786.3452074999,91768.43259660222,93939.02190593081,98208.39541452228,77032.10405650196
0.0,0.55,0.35000000000000003,0.09999999999999992,True,147,0,81,51,15,100,0.5,0.183,399037.3345937942,22254.509991549516,400097.29659652524,428651.11454635795,432259.1140757297,439720.81121849676,341053.53576564504,73023.83223066434,4072.5753284535613,73217.80527716412,78443.1539619835,79103.41787585853,80468.9084529849,62412.79704511304
0.0,0.55,0.4,0.04999999999999993,True,147,0,81,59,7,100,0.5,0.183,311342.7239563928,18147.37491743531,311079.3628999651,335456.34458252357,343384.7384939933,356623.311301615,272756.1318734887,56975.71848401987,3320.969609890662,56927.52341069361,61388.51105860181,62839.40714440078,65262.06596819554,49914.37213284843
0.0,0.55,0.45,0.0,True,147,0,81,66,0,100,0.5,0.183,234828.6896413332,12097.206909124714,235366.95039300082,248451.18133270254,253329.17925478052,261117.52078062025,210668.87713924152,42973.65020436397,2213.7888643698225,43072.151921919154,45466.56618388456,46359.23980362484,47784.50630285351,38552.4045164812
0.0,0.6000000000000001,0.0,0.3999999999999999,True,147,0,88,0,59,100,0.5,0.183,893863.2551845857,23169.66596424837,894623.1314977938,922572.4940990085,929777.0666957048,945094.4872725221,835729.0100389733,163576.9756987792,4240.048871457453,163716.03306409626,168830.76642011854,170149.20320531397,172952.29117087153,152938.4088371321
0.0,0.6000000000000001,0.05,0.3499999999999999,True,147,0,88,7,52,100,0.5,0.183,820359.7056412457,20304.938104932415,822153.951496965,844591.5965823946,848269.0040306705,872295.4910578832,764602.4863540381,150125.82613234792,3715.803673202633,150454.1731239446,154560.2621745782,155233.2277376127,159630.07486359263,139922.25500278897
0.0,0.6000000000000001,0.1,0.29999999999999993,True,147,0,88,15,44,100,0.5,0.183,737720.5624246774,22870.61156262542,739649.6975267696,763245.0239003344,768411.7630839526,820452.8496933508,669245.6123216479,135002.86292371596,4185.321915960453,135355.89464739885,139673.8393737612,140619.35264436333,150142.8714938832,122471.94705486156
0.0,0.6000000000000001,0.15000000000000002,0.2499999999999999,True,147,0,88,22,37,100,0.5,0.183,657248.1662054652,22381.447143745438,655998.5571062514,684062.3248981409,697282.1008984523,721863.436029403,588963.3166137112,120276.41441560011,4095.8048273054155,120047.735950444,125183.40545635977,127602.62446441676,132101.00879338075,107780.28694030915
0.0,0.6000000000000001,0.2,0.1999999999999999,True,147,0,88,29,30,100,0.5,0.183,581247.7084691224,22516.656652844147,580387.8165175573,611780.8853333385,616546.7522064131,627309.2820005852,524541.6562561464,106368.33064984942,4120.548167470479,106210.97042271297,111955.90201600095,112828.0556537736,114797.59860610709,95991.12309487478
0.0,0.6000000000000001,0.25,0.1499999999999999,True,147,0,88,37,22,100,0.5,0.183,493484.2918946291,20131.274200521682,491295.7136871002,519392.50716736546,528113.6409335294,551020.3718667481,445759.5833659811,90307.6254167171,3684.0231786954687,89907.11560473933,95048.82881162787,96644.79629083587,100836.7280516149,81574.00375597454
0.0,0.6000000000000001,0.30000000000000004,0.09999999999999987,True,147,0,88,44,15,100,0.5,0.183,418724.319270951,21075.11954815147,422081.43449206,445907.03017331555,449665.46575295314,463473.5380351794,375829.35550517845,76626.55042658403,3856.7468773117184,77240.90251204697,81600.98652171674,82288.78023279042,84815.65746043783,68776.77205744766
0.0,0.6000000000000001,0.35000000000000003,0.04999999999999988,True,147,0,88,51,8,100,0.5,0.183,343398.0277605618,16121.422427326748,344225.6697157315,362520.8710436759,369535.8603241156,385294.1637815096,294196.88419261936,62841.83908018283,2950.2203042007945,62993.297557978876,66341.3194009927,67625.06243931316,70508.83197201625,53838.02980724934
0.0,0.6000000000000001,0.4,0.0,True,147,0,88,59,0,100,0.5,0.183,254993.4959478192,12643.158893635838,255835.46226723687,270103.3956959456,274186.8603129864,285977.50396273314,215768.92912167823,46663.80975845091,2313.6980775353586,46817.88959490435,49428.92141235804,50176.19543727652,52333.883225180165,39485.71402926712
0.0,0.65,0.0,0.35,True,147,0,96,0,51,100,0.5,0.183,832995.5722457543,21235.639957511237,834660.7808680413,858377.1990205179,866535.6775005818,886574.486498546,779270.7511339751,152438.18972097302,3886.122112224556,152742.92289885157,157083.02742075475,158576.02898260645,162243.13102923392,142606.54745751744
0.0,0.65,0.05,0.3,True,147,0,96,7,44,100,0.5,0.183,753916.4851290045,24055.72691712684,753264.605868747,783479.5989145448,794612.7047929958,809080.2816571664,699397.4458096903,137966.71677860778,4402.198025834212,137847.42287398071,143376.7666013617,145414.12497711825,148061.69154326146,127989.73258317332
0.0,0.65,0.1,0.24999999999999997,True,147,0,96,15,36,100,0.5,0.183,668418.4907821122,22682.281222859256,668711.0305080115,700334.7947104551,706292.5678692271,724475.3591641181,607427.9993908657,122320.58381312653,4150.8574637832435,122374.1185829661,128161.26743201328,129251.53992006858,132578.9907270336,111159.32388852842
0.0,0.65,0.15000000000000002,0.19999999999999996,True,147,0,96,22,29,100,0.5,0.183,594383.5320175209,22398.714702757698,596346.4442606249,623443.3950029627,629194.7793294564,636672.3298130652,538007.3413067071,108772.18635920633,4098.9647906046575,109131.39929969436,114090.14128554217,115142.64461729053,116511.03635579093,98455.3434591274
0.0,0.65,0.2,0.14999999999999997,True,147,0,96,29,22,100,0.5,0.183,517139.45353721856,18823.310689437178,517012.7482132317,538878.0693389137,549562.3185675025,567919.6787820202,472251.87705434,94636.51999731101,3444.6658561670033,94613.3329230214,98614.6866890212,100569.90429785298,103929.3012171097,86422.09350094422
0.0,0.65,0.25,0.09999999999999998,True,147,0,96,37,14,100,0.5,0.183,431907.9724874674,19665.290098471218,434526.66236756195,454265.2091216195,457829.6220221986,476520.3018104567,375397.83528446604,79039.15896520652,3598.7480880202324,79518.37921326383,83130.53326925637,83782.82083006234,87203.21523131357,68697.80385705728
0.0,0.65,0.30000000000000004,0.04999999999999993,True,147,0,96,44,7,100,0.5,0.183,354734.83491714834,17323.512928161006,353466.6737169953,377468.1076700839,382490.74502598424,402610.1993146739,320623.38129561715,64916.47478983815,3170.202865853464,64684.40129021013,69076.66370362535,69995.80633975512,73677.66647458532,58674.07877709794
0.0,0.65,0.35000000000000003,0.0,True,147,0,96,51,0,100,0.5,0.183,274306.6178455163,14219.70864169064,273999.29861574026,292593.8133441705,295137.3688935631,307359.2607950364,245485.10993463566,50198.11106572948,2602.2066814293867,50141.87164668047,53544.6678419832,54010.13850752205,56246.744725491655,44923.77511803833
0.0,0.7000000000000001,0.0,0.29999999999999993,True,147,0,103,0,44,100,0.5,0.183,775176.7997353398,21884.892990493598,774762.8719105583,800770.1465981517,810466.5869971557,838378.8521518726,725996.6631176511,141857.3543515672,4004.9354172603266,141781.60555963215,146540.93682746173,148315.3854204795,153423.3299437927,132857.38935053017
0.0,0.7000000000000001,0.05,0.24999999999999994,True,147,0,103,7,37,100,0.5,0.183,701801.0382745449,22960.644890348693,702849.7126755856,728526.0137895693,733859.1074905716,764836.3378633184,625564.3302828083,128429.5900042417,4201.798014933809,128621.49741963219,133320.26052349116,134296.2166707746,139965.04982898725,114478.27244175391
0.0,0.7000000000000001,0.1,0.19999999999999993,True,147,0,103,15,29,100,0.5,0.183,615418.5203009285,18965.275865434847,615512.7181312805,640302.9068443463,643762.9216211902,663571.7854846413,568742.9446899493,112621.58921506992,3470.6454833745775,112638.82741802432,117175.43195251538,117808.6146566778,121433.63674368936,104079.95887826072
0.0,0.7000000000000001,0.15000000000000002,0.1499999999999999,True,147,0,103,22,22,100,0.5,0.183,536976.5805775669,18590.790308454034,536875.7682041889,561698.8988995459,565631.012528442,576166.5112215821,491359.17912927887,98266.7142456947,3402.1146264470885,98248.26558136658,102790.89849861691,103510.47529270487,105438.47155354952,89918.72978065803
0.0,0.7000000000000001,0.2,0.09999999999999992,True,147,0,103,29,15,100,0.5,0.183,459806.38707844116,17213.671559822047,462148.18993157684,480090.87020735856,484553.07669377734,499525.19013380294,402906.68384817673,84144.56883535473,3150.1018954474343,84573.11875747856,87856.62924794662,88673.21303496126,91413.10979448594,73731.92314421634
0.0,0.7000000000000001,0.25,0.04999999999999993,True,147,0,103,37,7,100,0.5,0.183,372792.3099583198,14444.974965759042,372757.8489976435,388111.61785136245,391969.8963872512,413574.9490312936,339008.68295926583,68220.99272237251,2643.430418733905,68214.68636656876,71024.42606679932,71730.49103886697,75684.21567272673,62038.58898154565
0.0,0.7000000000000001,0.30000000000000004,0.0,True,147,0,103,44,0,100,0.5,0.183,299497.59358565434,11693.35466136874,299888.6399955472,313446.8139538004,316583.9977341939,322883.70332740346,266218.901077953,54808.05962617475,2139.88390303048,54879.62111918513,57360.76695354548,57934.87158535749,59087.71770891483,48718.05889726539
0.0,0.75,0.0,0.25,True,147,0,110,0,37,100,0.5,0.183,719929.7292909567,19966.48379307182,719156.5278483981,746315.7155260644,751837.716256131,770182.1654597658,662562.8690427287,131747.14046024508,3653.8665341321434,131605.64459625684,136575.7759412698,137586.30207487196,140943.33627913715,121249.00503481935
0.0,0.75,0.05,0.2,True,147,0,110,7,30,100,0.5,0.183,643589.2987300993,19977.235163631703,642164.9753992141,669531.1129383994,679295.8782108274,710847.0525977812,602691.8432906314,117776.84166760817,3655.834034944602,117516.19049805618,122524.1936677271,124311.1457125814,130085.01062539396,110292.60732218555
0.0,0.75,0.1,0.15,True,147,0,110,15,22,100,0.5,0.183,554615.9106476152,17789.035181149222,553808.3507151462,579421.730840757,584703.278436254,595945.6297676133,519150.7769798847,101494.71164851358,3255.393438150307,101346.92818087174,106034.17674385854,107000.69995383448,109058.05024747322,95004.5921873189
0.0,0.75,0.15000000000000002,0.09999999999999998,True,147,0,110,22,15,100,0.5,0.183,479308.00576414645,15966.43520701767,479474.9621063755,499654.54531655257,502273.2171805225,519351.2901213166,443894.03776967985,87713.36505483877,2921.8576428842334,87743.91806546671,91436.78179292912,91915.9987440356,95041.28609220094,81232.6089118514
0.0,0.75,0.2,0.04999999999999999,True,147,0,110,29,8,100,0.5,0.183,404888.0438890233,14818.474371736804,404406.5882106308,424224.9610194272,426917.83512754994,443924.6465849885,369498.14963658573,74094.51203169125,2711.780810027834,74006.40564254543,77633.16786655517,78125.96382834163,81238.21032505289,67618.16138349519
0.0,0.75,0.25,0.0,True,147,0,110,37,0,100,0.5,0.183,318793.6283992695,11064.561794549225,320002.20782436937,333615.6773733544,335644.8543557404,340395.0875637623,292144.88924344163,58339.233997066316,2024.814808402509,58560.404031859594,61051.66895932385,61423.0083471005,62292.301024168504,53462.51473154982
0.0,0.8,0.0,0.19999999999999996,True,147,0,118,0,29,100,0.5,0.183,655750.9752468177,18348.317888610007,656704.2348613718,680118.3110513923,682755.0421591916,703622.4163827045,621513.1838393523,120002.42847016762,3357.742173615631,120176.87497963104,124461.65092240479,124944.17271513205,128762.90219803492,113736.91264260147
0.0,0.8,0.05,0.14999999999999997,True,147,0,118,7,22,100,0.5,0.183,578474.4882982186,17346.320934315107,575955.9687599894,598013.6420130046,604785.5189058329,629867.8468478743,531664.5570384933,105860.83135857398,3174.3767309796635,105399.94228307807,109436.49648837984,110675.74995976742,115265.815973161,97294.61393804428
0.0,0.8,0.1,0.09999999999999995,True,147,0,118,15,14,100,0.5,0.183,496598.612058242,15521.934295940831,496990.9717791912,516002.5170434281,518527.0101563712,546800.8898855643,443948.79387572093,90877.54600665826,2840.513976157172,90949.347835592,94428.46061894734,94890.44285861593,100064.56284905827,81242.62927925693
0.0,0.8,0.15000000000000002,0.04999999999999993,True,147,0,118,22,7,100,0.5,0.183,416906.1076921706,14953.033197837753,417770.1994934813,436750.09459280473,438869.97943295987,457048.0272619615,368961.7768784571,76293.81770766721,2736.405075204309,76451.94650730708,79925.26731048326,80313.20623623166,83639.78898893895,67520.00516875765
0.0,0.8,0.2,0.0,True,147,0,118,29,0,100,0.5,0.183,341002.0660491442,10622.5982713029,341568.62814458815,354032.4446525148,356043.670629916,367057.19579576264,311939.36634730775,62403.37808699338,1943.9354836484304,62507.05895045963,64787.93737141021,65155.99172527463,67171.46683062456,57084.90404155732
0.0,0.8500000000000001,0.0,0.1499999999999999,True,147,0,125,0,22,100,0.5,0.183,603751.0650346559,16283.073779087756,605256.4711960441,624574.5187876116,627237.2452517494,646980.0396697083,570074.3499566196,110486.44490134204,2979.802501573059,110761.93422887608,114297.13693813294,114784.41588107015,118397.34725955663,104323.60604206138
0.0,0.8500000000000001,0.05,0.09999999999999991,True,147,0,125,7,15,100,0.5,0.183,523487.5934404127,16630.367807077808,523662.2654778668,542354.873339289,546895.6595786496,567656.8097552223,477603.7153983362,95798.22959959552,3043.3573086952388,95830.19458244962,99250.94182108987,100081.90570289287,103881.19618520567,87401.47991789551
0.0,0.8500000000000001,0.1,0.049999999999999906,True,147,0,125,15,7,100,0.5,0.183,437920.23912906856,13551.641663883836,438440.75121448823,455210.8763238489,457024.8325714506,467285.07247394236,398970.463694989,80139.40376061955,2479.9504244907416,80234.65747225135,83303.59036726435,83635.54436057547,85513.16826273144,73011.59485618299
0.0,0.8500000000000001,0.15000000000000002,0.0,True,147,0,125,22,0,100,0.5,0.183,361880.5377734811,9140.322655995114,362386.9770674063,374383.89069882024,375031.93890467996,376849.1737069335,341171.84825387027,66224.13841254704,1672.6790460471057,66316.81680333534,68512.2519978841,68630.84481955643,68963.39878836882,62434.448230458256
0.0,0.9,0.0,0.09999999999999998,True,147,0,132,0,15,100,0.5,0.183,543324.3367296251,14022.845645381029,542116.5487520597,559009.2180796461,563947.6401273065,590166.3822394008,508394.89186777046,99428.35362152143,2566.180753104728,99207.32842162694,102298.68690857523,103202.41814329708,108000.44794981033,93036.26521180199
0.0,0.9,0.05,0.049999999999999975,True,147,0,132,7,8,100,0.5,0.183,468677.433892469,12661.602131716429,468714.126814723,484727.4378973706,488734.02917027,501992.53684265877,438108.06482503086,85767.9704023218,2317.073190104107,85774.68520709433,88705.12113521883,89438.3273381594,91864.63424220655,80173.77586298065
0.0,0.9,0.1,0.0,True,147,0,132,15,0,100,0.5,0.183,380800.47108547663,8495.833011968452,382476.5651508973,390515.3176461503,391340.4299435428,394357.81490631704,354229.8977063157,69686.4862086422,1554.7374411902276,69993.2114226142,71464.3031292455,71615.29867966834,72167.48012785602,64824.07128025577
0.0,0.9500000000000001,0.0,0.04999999999999993,True,147,0,140,0,7,100,0.5,0.183,481576.41928021266,10296.842999490935,480887.91486824676,494996.3805648157,498534.1342542036,512386.60457810794,458960.1912586943,88128.48472827893,1884.3222689068416,88002.48842088916,90584.33764336127,91231.74656851926,93766.74863779375,83989.71500034105
0.0,0.9500000000000001,0.05,0.0,True,147,0,140,7,0,100,0.5,0.183,404386.56985566794,5147.20988503741,405358.39779420383,410035.9557352778,411044.6575317966,414276.3977119629,385691.94328763155,74002.74228358723,941.9394089618467,74180.5867963393,75036.57989955583,75221.17232831877,75812.58078128922,70581.62562163657
0.0,1.0,0.0,0.0,True,147,0,147,0,0,100,0.5,0.183,424696.7533069432,588.2229506440294,424749.25695463724,425355.64981709427,425525.1103217035,426022.0549234611,423181.9879640717,77719.5058551706,107.64479996785734,77729.11402269862,77840.08391652825,77871.09518887174,77962.03605099338,77442.30379742512
