ev_penetration,hhp_percentage,mhp_percentage,boiler_percentage,valid_mix,n_dwellings,n_ev_homes,n_hhp_homes,n_mhp_homes,n_boiler_homes,mc_runs_per_pixel,max_demand_mean_kw,max_demand_std_kw,max_demand_p50_kw,max_demand_p90_kw,max_demand_p95_kw,max_demand_max_kw,max_demand_min_kw
0.4,0.0,0.0,1.0,True,147,59,0,0,147,500,150.7104034423828,10.028475761413574,150.2545623779297,164.19262237548827,167.83019790649413,190.84234619140625,125.46770477294922
0.4,0.0,0.05,0.95,True,147,59,0,7,140,500,164.16209411621094,10.0398588180542,162.7314453125,178.34227294921877,182.70232696533202,212.05307006835938,142.27374267578125
0.4,0.0,0.1,0.9,True,147,59,0,15,132,500,180.03805541992188,10.239518165588379,179.430419921875,193.66916809082034,197.76042938232422,225.50970458984375,155.18399047851562
0.4,0.0,0.15000000000000002,0.85,True,147,59,0,22,125,500,194.14019775390625,10.001330375671387,193.4665985107422,207.62154541015627,212.31030960083004,224.65957641601562,164.83837890625
0.4,0.0,0.2,0.8,True,147,59,0,29,118,500,207.73538208007812,10.014371871948242,207.26705932617188,220.1384490966797,224.13658599853514,241.93124389648438,181.1578826904297
0.4,0.0,0.25,0.75,True,147,59,0,37,110,500,224.23330688476562,10.920430183410645,223.09012603759766,238.3584991455078,243.96222763061522,262.0043640136719,194.10394287109375
0.4,0.0,0.30000000000000004,0.7,True,147,59,0,44,103,500,237.61158752441406,11.315397262573242,236.65421295166016,252.19230194091796,257.84425048828126,276.1153564453125,209.92251586914062
0.4,0.0,0.35000000000000003,0.6499999999999999,True,147,59,0,51,96,500,251.13914489746094,10.896318435668945,250.42420196533203,264.9739440917969,269.9598190307617,304.93048095703125,221.68014526367188
0.4,0.0,0.4,0.6,True,147,59,0,59,88,500,268.48760986328125,11.25444507598877,267.08673095703125,282.9055603027344,288.45751495361327,304.2066650390625,232.87518310546875
0.4,0.0,0.45,0.55,True,147,59,0,66,81,500,282.21881103515625,11.546534538269043,281.4861145019531,296.27854309082034,302.2309341430664,322.12213134765625,253.39901733398438
0.4,0.0,0.5,0.5,True,147,59,0,74,73,500,298.1184387207031,12.03862476348877,296.93458557128906,313.1470886230469,319.4829864501953,346.22637939453125,265.4921875
0.4,0.0,0.55,0.44999999999999996,True,147,59,0,81,66,500,312.4181823730469,11.864109992980957,311.53125,327.30653381347656,333.3950592041015,357.3216857910156,280.0822448730469
0.4,0.0,0.6000000000000001,0.3999999999999999,True,147,59,0,88,59,500,325.877685546875,11.441227912902832,325.3619842529297,339.7897705078125,345.2312698364258,368.75823974609375,295.6810607910156
0.4,0.0,0.65,0.35,True,147,59,0,96,51,500,342.8185119628906,11.903779983520508,342.7582092285156,358.5008941650391,362.8089874267578,378.77972412109375,313.5883483886719
0.4,0.0,0.7000000000000001,0.29999999999999993,True,147,59,0,103,44,500,356.1034851074219,11.512951850891113,355.7758483886719,370.9456787109375,375.48703155517575,391.989501953125,324.1502990722656
0.4,0.0,0.75,0.25,True,147,59,0,110,37,500,369.5567932128906,11.716938972473145,368.17308044433594,385.3543670654297,389.4577270507813,419.7052307128906,338.6893005371094
0.4,0.0,0.8,0.19999999999999996,True,147,59,0,118,29,500,386.82904052734375,11.78945541381836,386.2189636230469,402.1960845947266,406.31590881347654,435.1451110839844,353.2589416503906
0.4,0.0,0.8500000000000001,0.1499999999999999,True,147,59,0,125,22,500,400.6298828125,11.837347030639648,399.8850555419922,416.2000427246094,420.8074462890625,435.467529296875,370.1226806640625
0.4,0.0,0.9,0.09999999999999998,True,147,59,0,132,15,500,413.7952575683594,12.381771087646484,412.8936462402344,430.02222595214846,437.5777908325195,458.7658996582031,379.0467529296875
0.4,0.0,0.9500000000000001,0.04999999999999993,True,147,59,0,140,7,500,430.5658264160156,12.097477912902832,430.0338439941406,447.12278747558594,452.80949249267576,465.8579406738281,402.38787841796875
0.4,0.0,1.0,0.0,True,147,59,0,147,0,500,444.4842224121094,12.028166770935059,443.52806091308594,460.6263305664063,466.47155151367184,480.546875,410.9085388183594
0.4,0.05,0.0,0.95,True,147,59,7,0,140,500,158.2126922607422,10.210468292236328,157.8336639404297,171.60191802978517,176.3147300720215,191.80355834960938,131.8294677734375
0.4,0.05,0.05,0.8999999999999999,True,147,59,7,7,133,500,172.4294891357422,9.813608169555664,171.23194885253906,185.53604888916016,189.3538475036621,210.56944274902344,148.80722045898438
0.4,0.05,0.1,0.85,True,147,59,7,15,125,500,188.56471252441406,10.140399932861328,187.96560668945312,201.5510986328125,205.86844329833983,236.25833129882812,163.74810791015625
0.4,0.05,0.15000000000000002,0.7999999999999999,True,147,59,7,22,118,500,201.8522186279297,9.988117218017578,201.22767639160156,215.1982833862305,219.16993408203123,232.4862060546875,172.07241821289062
0.4,0.05,0.2,0.75,True,147,59,7,29,111,500,216.1332550048828,10.588163375854492,215.8154296875,229.1954086303711,234.04593048095703,263.07781982421875,190.20391845703125
0.4,0.05,0.25,0.7,True,147,59,7,37,103,500,231.5863494873047,11.309683799743652,230.2813491821289,246.49112091064453,250.6907958984375,269.21612548828125,201.87095642089844
0.4,0.05,0.30000000000000004,0.6499999999999999,True,147,59,7,44,96,500,245.91201782226562,10.315418243408203,245.4119415283203,259.83849182128904,263.38379974365233,274.87060546875,218.88775634765625
0.4,0.05,0.35000000000000003,0.5999999999999999,True,147,59,7,51,89,500,259.9955139160156,11.434758186340332,259.58160400390625,274.69158630371095,279.59582977294923,299.04730224609375,228.93218994140625
0.4,0.05,0.4,0.5499999999999999,True,147,59,7,59,81,500,275.3272705078125,10.208586692810059,274.75457763671875,288.28968505859376,292.2360595703125,309.35552978515625,249.63540649414062
0.4,0.05,0.45,0.49999999999999994,True,147,59,7,66,74,500,289.0804748535156,10.995222091674805,288.46742248535156,303.61475524902346,307.671304321289,325.7160339355469,263.2786865234375
0.4,0.05,0.5,0.44999999999999996,True,147,59,7,74,66,500,305.0711975097656,11.025548934936523,304.9008331298828,318.58995666503904,322.7572204589843,348.6874084472656,276.3307189941406
0.4,0.05,0.55,0.3999999999999999,True,147,59,7,81,59,500,318.8702392578125,11.978995323181152,318.3070373535156,334.90233154296874,339.5256851196289,351.03143310546875,286.74609375
0.4,0.05,0.6000000000000001,0.34999999999999987,True,147,59,7,88,52,500,333.11480712890625,11.427478790283203,333.1499481201172,347.5543975830078,353.4943740844726,375.67730712890625,304.2685852050781
0.4,0.05,0.65,0.29999999999999993,True,147,59,7,96,44,500,350.2432861328125,11.670238494873047,349.1721954345703,366.5974975585938,370.90198516845703,393.73992919921875,316.1256408691406
0.4,0.05,0.7000000000000001,0.2499999999999999,True,147,59,7,103,37,500,364.716552734375,12.547550201416016,364.06353759765625,379.92413940429685,384.58115844726564,415.24993896484375,324.1998291015625
0.4,0.05,0.75,0.19999999999999996,True,147,59,7,110,30,500,378.2376708984375,12.109448432922363,378.10826110839844,394.0227325439453,397.5615097045898,423.9358215332031,350.9573059082031
0.4,0.05,0.8,0.1499999999999999,True,147,59,7,118,22,500,392.8293151855469,11.52803897857666,391.7797546386719,407.5572937011719,412.23455810546875,433.61102294921875,359.6026611328125
0.4,0.05,0.8500000000000001,0.09999999999999987,True,147,59,7,125,15,500,408.2405090332031,12.23635196685791,407.6745147705078,424.08934020996094,429.97984313964844,460.43017578125,379.51531982421875
0.4,0.05,0.9,0.04999999999999993,True,147,59,7,132,8,500,421.2398376464844,12.234020233154297,420.1143798828125,437.2710479736328,442.65547943115234,459.87957763671875,389.3787841796875
0.4,0.05,0.9500000000000001,0.0,True,147,59,7,140,0,500,438.7410583496094,12.336764335632324,437.6119079589844,455.9349609375,462.80535888671875,480.9721374511719,408.278564453125
0.4,0.1,0.0,0.9,True,147,59,15,0,132,500,167.77159118652344,9.851935386657715,166.76897430419922,180.08645935058595,186.70392608642578,200.50860595703125,147.38912963867188
0.4,0.1,0.05,0.85,True,147,59,15,7,125,500,180.7688751220703,9.933874130249023,180.07833099365234,193.62524719238283,198.2158317565918,216.18959045410156,158.43240356445312
0.4,0.1,0.1,0.8,True,147,59,15,15,117,500,196.0615692138672,10.02241325378418,194.9955291748047,208.86291961669923,213.58188781738275,226.69866943359375,169.832763671875
0.4,0.1,0.15000000000000002,0.75,True,147,59,15,22,110,500,210.40919494628906,9.817300796508789,209.5231475830078,223.46070098876953,227.01954956054686,246.13400268554688,184.7157440185547
0.4,0.1,0.2,0.7,True,147,59,15,29,103,500,225.0511474609375,10.038657188415527,224.15166473388672,239.03185424804687,242.05468902587887,258.5032958984375,195.92770385742188
0.4,0.1,0.25,0.65,True,147,59,15,37,95,500,240.40396118164062,11.174431800842285,239.79171752929688,254.24930877685546,259.24389038085934,281.74993896484375,209.37322998046875
0.4,0.1,0.30000000000000004,0.6,True,147,59,15,44,88,500,254.38119506835938,10.773876190185547,253.54721069335938,268.04888916015625,273.83901062011716,292.6423645019531,221.28343200683594
0.4,0.1,0.35000000000000003,0.55,True,147,59,15,51,81,500,268.7049865722656,11.166725158691406,267.37123107910156,283.49413146972654,288.69056854248043,307.4039306640625,244.56509399414062
0.4,0.1,0.4,0.5,True,147,59,15,59,73,500,283.5484313964844,11.047353744506836,282.6580505371094,297.21616821289064,303.3268020629883,320.92999267578125,251.218505859375
0.4,0.1,0.45,0.45,True,147,59,15,66,66,500,298.6991882324219,12.087824821472168,297.5745391845703,315.05072021484375,320.9371795654297,346.63232421875,268.0660095214844
0.4,0.1,0.5,0.4,True,147,59,15,74,58,500,314.09100341796875,11.080779075622559,313.9944763183594,328.0612731933594,332.4289276123047,347.7846984863281,285.87322998046875
0.4,0.1,0.55,0.35,True,147,59,15,81,51,500,328.5086364746094,11.671672821044922,327.34324645996094,343.1988250732422,349.32540740966795,370.3053283691406,297.29638671875
0.4,0.1,0.6000000000000001,0.29999999999999993,True,147,59,15,88,44,500,342.7003173828125,11.890410423278809,341.61036682128906,358.672314453125,363.22350921630857,385.6026916503906,298.3498229980469
0.4,0.1,0.65,0.25,True,147,59,15,96,36,500,359.0742492675781,12.273521423339844,358.42698669433594,375.1841278076172,379.1528381347656,404.22015380859375,329.9750671386719
0.4,0.1,0.7000000000000001,0.19999999999999996,True,147,59,15,103,29,500,371.74078369140625,11.978731155395508,370.28041076660156,386.8431854248047,392.92921295166013,414.6007995605469,336.4244079589844
0.4,0.1,0.75,0.15000000000000002,True,147,59,15,110,22,500,386.732177734375,11.871688842773438,386.2743225097656,402.10869750976565,406.2083435058594,429.3747253417969,354.29083251953125
0.4,0.1,0.8,0.09999999999999998,True,147,59,15,118,14,500,402.5675048828125,12.151633262634277,401.447509765625,418.0094421386719,423.22557525634767,443.9214782714844,373.13262939453125
0.4,0.1,0.8500000000000001,0.04999999999999993,True,147,59,15,125,7,500,416.58172607421875,11.932662010192871,415.7339782714844,432.72243041992186,437.58179473876953,465.9175720214844,384.373046875
0.4,0.1,0.9,0.0,True,147,59,15,132,0,500,430.5835876464844,11.867109298706055,430.202392578125,446.1311859130859,451.42711486816404,479.1759033203125,401.7908020019531
0.4,0.15000000000000002,0.0,0.85,True,147,59,22,0,125,500,174.64073181152344,9.75549030303955,173.99827575683594,187.5288848876953,191.7805969238281,209.34259033203125,153.69004821777344
0.4,0.15000000000000002,0.05,0.7999999999999999,True,147,59,22,7,118,500,188.7511749267578,9.936105728149414,188.6713409423828,202.12213134765625,204.8510559082031,231.9071044921875,161.63565063476562
0.4,0.15000000000000002,0.1,0.75,True,147,59,22,15,110,500,204.78118896484375,10.608912467956543,203.51600646972656,218.4692337036133,224.23485260009764,241.1107177734375,178.42173767089844
0.4,0.15000000000000002,0.15000000000000002,0.7,True,147,59,22,22,103,500,218.2415008544922,10.553583145141602,217.3319854736328,232.11326599121094,237.14563369750977,251.26119995117188,190.91357421875
0.4,0.15000000000000002,0.2,0.6499999999999999,True,147,59,22,29,96,500,231.49098205566406,9.950122833251953,230.6248550415039,243.82574157714845,247.65735473632813,271.7646789550781,206.0348663330078
0.4,0.15000000000000002,0.25,0.6,True,147,59,22,37,88,500,249.2989044189453,10.935304641723633,248.8381576538086,264.3331359863281,268.84063415527345,280.5414123535156,218.35789489746094
0.4,0.15000000000000002,0.30000000000000004,0.5499999999999999,True,147,59,22,44,81,500,263.1285705566406,10.969552993774414,262.0514831542969,278.80373229980466,283.2240936279297,298.5747375488281,234.11993408203125
0.4,0.15000000000000002,0.35000000000000003,0.49999999999999994,True,147,59,22,51,74,500,275.42901611328125,11.693211555480957,274.7406921386719,290.56090087890624,296.843684387207,320.59112548828125,245.56448364257812
0.4,0.15000000000000002,0.4,0.44999999999999996,True,147,59,22,59,66,500,292.2641296386719,10.769329071044922,291.3141784667969,307.0406219482422,309.93134155273435,328.72125244140625,262.5442199707031
0.4,0.15000000000000002,0.45,0.39999999999999997,True,147,59,22,66,59,500,306.51007080078125,11.410836219787598,305.90370178222656,321.2761138916016,326.276904296875,353.1209411621094,279.3636474609375
0.4,0.15000000000000002,0.5,0.35,True,147,59,22,74,51,500,322.3253173828125,12.114709854125977,321.99554443359375,337.9366180419922,341.5032791137695,369.8753967285156,288.90185546875
0.4,0.15000000000000002,0.55,0.29999999999999993,True,147,59,22,81,44,500,336.6588134765625,12.786321640014648,335.7518768310547,353.86333923339845,359.4651596069336,380.5096130371094,304.781005859375
0.4,0.15000000000000002,0.6000000000000001,0.2499999999999999,True,147,59,22,88,37,500,349.8796081542969,11.72606086730957,349.1334228515625,366.2093109130859,370.45826416015626,398.31591796875,321.93402099609375
0.4,0.15000000000000002,0.65,0.19999999999999996,True,147,59,22,96,29,500,366.51513671875,10.9190092086792,366.21527099609375,380.1531494140625,385.2217681884765,406.40863037109375,338.6415100097656
0.4,0.15000000000000002,0.7000000000000001,0.1499999999999999,True,147,59,22,103,22,500,380.2919921875,12.05221176147461,379.7437286376953,395.1942565917969,400.7930572509766,423.05877685546875,345.50030517578125
0.4,0.15000000000000002,0.75,0.09999999999999998,True,147,59,22,110,15,500,394.5054626464844,12.2857666015625,393.58836364746094,411.69434814453126,416.257356262207,439.753173828125,363.72882080078125
0.4,0.15000000000000002,0.8,0.04999999999999993,True,147,59,22,118,7,500,410.09912109375,11.657439231872559,410.1454162597656,425.02350463867185,429.70884857177737,443.96649169921875,372.4947814941406
0.4,0.15000000000000002,0.8500000000000001,0.0,True,147,59,22,125,0,500,425.1521301269531,12.139219284057617,424.13970947265625,440.9125610351563,446.3310806274414,476.3421936035156,394.6416320800781
0.4,0.2,0.0,0.8,True,147,59,29,0,118,500,182.89109802246094,10.387406349182129,182.03529357910156,196.95765686035156,201.79599151611328,222.42303466796875,156.1221923828125
0.4,0.2,0.05,0.75,True,147,59,29,7,111,500,196.37379455566406,9.94080924987793,195.49005889892578,209.03081512451172,213.1035087585449,233.9928741455078,172.53150939941406
0.4,0.2,0.1,0.7000000000000001,True,147,59,29,15,103,500,212.74639892578125,11.123546600341797,211.23568725585938,227.56243133544922,232.7134780883789,261.76788330078125,187.87722778320312
0.4,0.2,0.15000000000000002,0.65,True,147,59,29,22,96,500,226.23558044433594,10.150903701782227,225.62793731689453,239.16091918945312,244.05521087646483,256.6644287109375,202.40516662597656
0.4,0.2,0.2,0.6000000000000001,True,147,59,29,29,89,500,240.29493713378906,10.928853988647461,239.7521743774414,255.0247772216797,259.6064926147461,280.599365234375,214.0345458984375
0.4,0.2,0.25,0.55,True,147,59,29,37,81,500,256.3797912597656,11.508516311645508,255.81519317626953,272.42747802734374,276.62889099121094,296.6236267089844,218.90487670898438
0.4,0.2,0.30000000000000004,0.5,True,147,59,29,44,74,500,269.8260498046875,11.93966293334961,268.935546875,286.7077239990235,290.6351348876953,310.9600524902344,235.81915283203125
0.4,0.2,0.35000000000000003,0.45,True,147,59,29,51,67,500,283.5943298339844,11.055529594421387,283.0703430175781,297.81992492675784,302.0219665527344,328.32489013671875,256.9625244140625
0.4,0.2,0.4,0.4,True,147,59,29,59,59,500,299.67706298828125,11.20989990234375,299.2177276611328,313.41595458984375,319.71657104492186,338.935546875,271.94232177734375
0.4,0.2,0.45,0.35000000000000003,True,147,59,29,66,52,500,313.0663757324219,11.100502967834473,312.48265075683594,327.6724914550781,332.39210357666013,360.88250732421875,279.6928405761719
0.4,0.2,0.5,0.30000000000000004,True,147,59,29,74,44,500,329.7879943847656,10.919537544250488,329.539306640625,344.3535858154297,349.8989074707031,362.1595458984375,305.76763916015625
0.4,0.2,0.55,0.25,True,147,59,29,81,37,500,342.93267822265625,11.71726131439209,342.4770050048828,358.61342163085936,362.69554443359374,379.26495361328125,307.622802734375
0.4,0.2,0.6000000000000001,0.19999999999999996,True,147,59,29,88,30,500,358.8029479980469,11.185633659362793,357.4176330566406,373.93247375488284,379.08608703613277,396.4080810546875,328.48486328125
0.4,0.2,0.65,0.15000000000000002,True,147,59,29,96,22,500,374.01312255859375,11.84184455871582,373.5433654785156,389.4338836669922,395.4215286254883,413.2132568359375,344.7458190917969
0.4,0.2,0.7000000000000001,0.09999999999999998,True,147,59,29,103,15,500,388.09423828125,11.660741806030273,388.43841552734375,402.1130798339844,407.8420806884765,427.6824951171875,353.09564208984375
0.4,0.2,0.75,0.050000000000000044,True,147,59,29,110,8,500,402.0111389160156,11.185606956481934,401.62843322753906,416.0976898193359,420.5009704589844,445.9617919921875,366.8546142578125
0.4,0.2,0.8,0.0,True,147,59,29,118,0,500,418.03875732421875,11.203385353088379,418.83526611328125,431.9153167724609,435.49922943115234,454.61761474609375,390.1373291015625
0.4,0.25,0.0,0.75,True,147,59,37,0,110,500,191.33189392089844,9.681559562683105,191.00730895996094,204.23920288085938,209.52378845214844,222.2283935546875,166.177001953125
0.4,0.25,0.05,0.7,True,147,59,37,7,103,500,205.01797485351562,9.316242218017578,204.72035217285156,217.46951141357422,221.69937438964843,231.89202880859375,181.1265869140625
0.4,0.25,0.1,0.65,True,147,59,37,15,95,500,220.16650390625,10.333779335021973,219.05448150634766,234.07173919677734,239.1940818786621,270.3800048828125,194.00344848632812
0.4,0.25,0.15000000000000002,0.6,True,147,59,37,22,88,500,233.63330078125,9.969595909118652,232.5345916748047,246.23082733154297,250.18808288574218,267.21539306640625,202.0672607421875
0.4,0.25,0.2,0.55,True,147,59,37,29,81,500,249.04469299316406,10.797024726867676,248.26757049560547,262.98541564941405,267.38580322265625,287.28778076171875,220.19483947753906
0.4,0.25,0.25,0.5,True,147,59,37,37,73,500,265.2071838378906,10.912447929382324,264.38059997558594,279.9618438720703,284.22252807617184,302.40216064453125,238.8311004638672
0.4,0.25,0.30000000000000004,0.44999999999999996,True,147,59,37,44,66,500,278.35064697265625,11.23331356048584,277.97265625,292.7808074951172,297.7509201049805,312.33056640625,248.88006591796875
0.4,0.25,0.35000000000000003,0.39999999999999997,True,147,59,37,51,59,500,291.7040710449219,10.743910789489746,291.65736389160156,306.76868896484376,311.2031814575195,327.98291015625,259.12847900390625
0.4,0.25,0.4,0.35,True,147,59,37,59,51,500,308.8023376464844,10.959090232849121,308.0877990722656,322.80316772460935,327.61771697998046,351.67010498046875,277.8966369628906
0.4,0.25,0.45,0.3,True,147,59,37,66,44,500,323.0892639160156,10.953023910522461,321.96263122558594,337.15081481933595,342.07080535888673,366.7366943359375,297.0539855957031
0.4,0.25,0.5,0.25,True,147,59,37,74,36,500,339.0184631347656,11.401260375976562,338.50518798828125,354.6175048828125,358.446809387207,373.3287048339844,307.32275390625
0.4,0.25,0.55,0.19999999999999996,True,147,59,37,81,29,500,353.20367431640625,11.38920783996582,352.7122039794922,368.719775390625,371.92111358642575,390.35614013671875,323.7102966308594
0.4,0.25,0.6000000000000001,0.1499999999999999,True,147,59,37,88,22,500,365.2799377441406,11.262715339660645,365.4141387939453,379.3310089111328,384.5139846801758,401.6982116699219,336.71636962890625
0.4,0.25,0.65,0.09999999999999998,True,147,59,37,96,14,500,382.5226745605469,10.722333908081055,382.02366638183594,396.58636169433595,401.5665069580078,420.3804626464844,357.7310791015625
0.4,0.25,0.7000000000000001,0.04999999999999993,True,147,59,37,103,7,500,397.2123718261719,12.12109088897705,396.528564453125,413.02427062988284,417.30116577148436,432.5726013183594,366.71417236328125
0.4,0.25,0.75,0.0,True,147,59,37,110,0,500,410.924560546875,12.105476379394531,410.6245422363281,426.6007385253906,430.6978515625,450.58892822265625,374.5198669433594
0.4,0.30000000000000004,0.0,0.7,True,147,59,44,0,103,500,200.03147888183594,9.653759002685547,198.57337951660156,213.22661743164062,216.2603736877441,234.9356689453125,173.47787475585938
0.4,0.30000000000000004,0.05,0.6499999999999999,True,147,59,44,7,96,500,213.3533172607422,10.379548072814941,213.01112365722656,226.98724670410155,231.90574951171874,251.1171875,185.3814697265625
0.4,0.30000000000000004,0.1,0.6,True,147,59,44,15,88,500,228.8627471923828,10.374405860900879,227.75847625732422,242.39475708007814,247.77142791748048,267.1172790527344,204.878173828125
0.4,0.30000000000000004,0.15000000000000002,0.5499999999999999,True,147,59,44,22,81,500,243.04673767089844,11.170269012451172,241.77745819091797,257.3587951660156,262.4316192626953,295.72930908203125,218.34739685058594
0.4,0.30000000000000004,0.2,0.49999999999999994,True,147,59,44,29,74,500,256.63409423828125,10.928882598876953,255.88573455810547,271.5838562011719,276.03468017578126,290.58782958984375,227.54713439941406
0.4,0.30000000000000004,0.25,0.44999999999999996,True,147,59,44,37,66,500,271.695556640625,10.959527969360352,270.4512634277344,287.1971710205078,291.3568283081055,312.329345703125,245.95889282226562
0.4,0.30000000000000004,0.30000000000000004,0.3999999999999999,True,147,59,44,44,59,500,286.25921630859375,11.156792640686035,285.3258819580078,300.9635375976563,305.28493194580074,322.0244445800781,257.49395751953125
0.4,0.30000000000000004,0.35000000000000003,0.3499999999999999,True,147,59,44,51,52,500,300.04034423828125,11.284985542297363,298.6749725341797,315.8422332763672,320.89735260009763,350.9456787109375,273.3443603515625
0.4,0.30000000000000004,0.4,0.29999999999999993,True,147,59,44,59,44,500,316.3757629394531,11.927958488464355,315.49407958984375,332.7032775878906,337.11727752685545,353.7314147949219,282.8958740234375
0.4,0.30000000000000004,0.45,0.24999999999999994,True,147,59,44,66,37,500,329.8864440917969,11.520428657531738,328.6402587890625,345.9646362304687,350.29966125488284,374.8639831542969,300.8460388183594
0.4,0.30000000000000004,0.5,0.19999999999999996,True,147,59,44,74,29,500,345.6199645996094,11.299259185791016,344.8021240234375,360.0384033203125,365.57128448486327,383.802978515625,315.55157470703125
0.4,0.30000000000000004,0.55,0.1499999999999999,True,147,59,44,81,22,500,359.9736022949219,11.072402954101562,358.8722381591797,374.6829803466797,378.8869262695312,395.3822937011719,332.5899963378906
0.4,0.30000000000000004,0.6000000000000001,0.09999999999999987,True,147,59,44,88,15,500,374.1756286621094,11.76088809967041,373.8450927734375,389.6692596435547,393.3575271606445,410.53082275390625,348.9988708496094
0.4,0.30000000000000004,0.65,0.04999999999999993,True,147,59,44,96,7,500,389.6616516113281,12.082487106323242,388.8126983642578,404.94947204589846,410.61963653564453,430.4208068847656,352.51226806640625
0.4,0.30000000000000004,0.7000000000000001,0.0,True,147,59,44,103,0,500,403.7901306152344,11.689474105834961,403.0742645263672,419.53248291015626,423.154914855957,460.3766174316406,373.3970947265625
0.4,0.35000000000000003,0.0,0.6499999999999999,True,147,59,51,0,96,500,206.8041534423828,9.776010513305664,205.9918670654297,219.39828338623047,222.67344665527344,242.99160766601562,183.31040954589844
0.4,0.35000000000000003,0.05,0.5999999999999999,True,147,59,51,7,89,500,220.64349365234375,10.60411548614502,219.91607666015625,234.4771484375,239.00029830932615,261.82965087890625,195.16473388671875
0.4,0.35000000000000003,0.1,0.5499999999999999,True,147,59,51,15,81,500,236.84405517578125,10.80093002319336,235.2636947631836,251.95666809082033,256.52265014648435,268.73193359375,209.60784912109375
0.4,0.35000000000000003,0.15000000000000002,0.4999999999999999,True,147,59,51,22,74,500,250.02467346191406,10.532573699951172,249.3730239868164,263.71693420410156,269.15447692871095,284.226318359375,221.5455322265625
0.4,0.35000000000000003,0.2,0.4499999999999999,True,147,59,51,29,67,500,264.1878662109375,10.221708297729492,263.44786071777344,277.41123962402344,280.9278350830078,302.03314208984375,238.5758819580078
0.4,0.35000000000000003,0.25,0.3999999999999999,True,147,59,51,37,59,500,279.99224853515625,12.110986709594727,279.0019073486328,295.89991455078126,302.6558303833008,315.7676086425781,252.75485229492188
0.4,0.35000000000000003,0.30000000000000004,0.34999999999999987,True,147,59,51,44,52,500,292.9612121582031,11.094341278076172,291.56591796875,306.83753662109376,313.30274658203126,340.98760986328125,267.1242980957031
0.4,0.35000000000000003,0.35000000000000003,0.2999999999999999,True,147,59,51,51,45,500,307.4166259765625,11.340335845947266,306.9449768066406,321.47748413085935,327.4373809814453,348.2339782714844,276.49102783203125
0.4,0.35000000000000003,0.4,0.2499999999999999,True,147,59,51,59,37,500,323.9255065917969,11.525314331054688,322.5364227294922,339.6533569335938,343.5102737426758,367.94073486328125,293.68310546875
0.4,0.35000000000000003,0.45,0.1999999999999999,True,147,59,51,66,30,500,338.765625,11.850763320922852,337.7787780761719,353.65541687011716,360.1073974609374,378.41815185546875,303.52557373046875
0.4,0.35000000000000003,0.5,0.1499999999999999,True,147,59,51,74,22,500,353.0992431640625,11.112460136413574,352.0535125732422,366.88926696777344,372.40831146240237,393.2535705566406,325.2616271972656
0.4,0.35000000000000003,0.55,0.09999999999999987,True,147,59,51,81,15,500,367.7773742675781,11.467615127563477,366.9603729248047,383.15138854980466,387.806867980957,415.6781311035156,339.0212707519531
0.4,0.35000000000000003,0.6000000000000001,0.04999999999999982,True,147,59,51,88,8,500,382.0851135253906,12.196954727172852,381.6839904785156,397.48301696777344,402.4844711303711,435.6070861816406,351.2777404785156
0.4,0.35000000000000003,0.65,0.0,True,147,59,51,96,0,500,398.4116516113281,11.635147094726562,397.8002624511719,413.8261993408203,418.1441986083984,441.4918212890625,360.4822082519531
0.4,0.4,0.0,0.6,True,147,59,59,0,88,500,215.89942932128906,10.600822448730469,214.85719299316406,229.10129089355468,235.35828247070313,258.9300537109375,189.97357177734375
0.4,0.4,0.05,0.5499999999999999,True,147,59,59,7,81,500,229.74806213378906,10.501730918884277,228.6005859375,244.33068237304687,248.55068130493163,270.9393310546875,205.25640869140625
0.4,0.4,0.1,0.5,True,147,59,59,15,73,500,245.80938720703125,10.452481269836426,245.33712768554688,259.46527099609375,263.75099792480466,285.10028076171875,214.2583770751953
0.4,0.4,0.15000000000000002,0.44999999999999996,True,147,59,59,22,66,500,259.3206787109375,10.991150856018066,257.8283233642578,274.12464904785156,279.35533752441404,296.3894958496094,228.06610107421875
0.4,0.4,0.2,0.39999999999999997,True,147,59,59,29,59,500,271.9341125488281,10.20841121673584,271.2418518066406,284.9498016357422,288.5099594116211,305.1777038574219,242.86962890625
0.4,0.4,0.25,0.35,True,147,59,59,37,51,500,288.0981750488281,11.389694213867188,287.02252197265625,303.4559722900391,308.9967727661133,320.5157775878906,260.06719970703125
0.4,0.4,0.30000000000000004,0.29999999999999993,True,147,59,59,44,44,500,302.2694091796875,11.164870262145996,301.45654296875,316.4128112792969,321.7184173583984,339.9988098144531,272.3427429199219
0.4,0.4,0.35000000000000003,0.24999999999999994,True,147,59,59,51,37,500,317.33343505859375,10.83887767791748,316.6963195800781,332.0055236816406,336.3767379760742,349.56475830078125,288.864501953125
0.4,0.4,0.4,0.19999999999999996,True,147,59,59,59,29,500,332.651611328125,11.7957181930542,331.2046356201172,348.99529724121095,354.42355499267575,377.7600402832031,303.90069580078125
0.4,0.4,0.45,0.14999999999999997,True,147,59,59,66,22,500,346.2641296386719,11.297086715698242,345.6529846191406,361.1823394775391,365.89619903564454,386.2895202636719,315.4474182128906
0.4,0.4,0.5,0.09999999999999998,True,147,59,59,74,14,500,362.6600646972656,11.349425315856934,363.02972412109375,376.8357788085938,381.10032348632814,400.1194763183594,335.3260192871094
0.4,0.4,0.55,0.04999999999999993,True,147,59,59,81,7,500,376.6191711425781,10.682106971740723,376.174072265625,391.1374114990235,395.5464828491211,406.7837829589844,343.0774230957031
0.4,0.4,0.6000000000000001,0.0,True,147,59,59,88,0,500,390.66650390625,11.359764099121094,390.0361022949219,406.1035888671875,411.92088775634767,424.25323486328125,361.6001892089844
0.4,0.45,0.0,0.55,True,147,59,66,0,81,500,222.6771240234375,10.066225051879883,221.69447326660156,236.20400543212892,240.8146072387695,268.6817321777344,192.18789672851562
0.4,0.45,0.05,0.5,True,147,59,66,7,74,500,236.6111297607422,9.995440483093262,236.60018157958984,249.71233673095702,253.08994293212888,270.0773620605469,211.72274780273438
0.4,0.45,0.1,0.45000000000000007,True,147,59,66,15,66,500,252.87574768066406,10.934762001037598,252.66610717773438,266.9128814697266,272.67064819335934,293.99835205078125,229.94351196289062
0.4,0.45,0.15000000000000002,0.4,True,147,59,66,22,59,500,266.68243408203125,10.493581771850586,265.9134521484375,279.65582580566405,284.2923416137695,305.4222106933594,242.28369140625
0.4,0.45,0.2,0.35000000000000003,True,147,59,66,29,52,500,280.2013244628906,10.830790519714355,279.8919372558594,294.67681884765625,298.45389862060546,314.38372802734375,251.48684692382812
0.4,0.45,0.25,0.30000000000000004,True,147,59,66,37,44,500,296.3291320800781,11.055359840393066,295.7644805908203,309.72629699707034,314.9600234985351,340.69757080078125,267.9573669433594
0.4,0.45,0.30000000000000004,0.25,True,147,59,66,44,37,500,310.47149658203125,10.865333557128906,310.0516662597656,325.9923980712891,328.4689575195312,344.7730712890625,278.6450500488281
0.4,0.45,0.35000000000000003,0.2,True,147,59,66,51,30,500,325.13214111328125,11.294967651367188,324.35089111328125,338.9013427734375,344.5286117553711,368.45294189453125,298.57489013671875
0.4,0.45,0.4,0.15000000000000002,True,147,59,66,59,22,500,339.5097351074219,10.932415962219238,339.3912811279297,354.1937591552734,358.8872085571289,376.0260009765625,314.68231201171875
0.4,0.45,0.45,0.10000000000000003,True,147,59,66,66,15,500,354.00341796875,11.308466911315918,352.98143005371094,368.92131958007815,375.10035400390626,391.0802001953125,320.20306396484375
0.4,0.45,0.5,0.050000000000000044,True,147,59,66,74,7,500,371.4724426269531,11.223576545715332,371.1021423339844,386.39409790039065,390.34412078857423,409.7530822753906,328.6600646972656
0.4,0.45,0.55,0.0,True,147,59,66,81,0,500,384.8604431152344,11.84277057647705,384.2572479248047,400.9729827880859,405.7489074707031,424.11053466796875,345.0776062011719
0.4,0.5,0.0,0.5,True,147,59,74,0,73,500,232.23291015625,10.035558700561523,232.01348114013672,244.4500732421875,249.164835357666,271.2908935546875,203.74737548828125
0.4,0.5,0.05,0.45,True,147,59,74,7,66,500,244.7587432861328,9.997991561889648,243.9848175048828,258.52907104492186,262.5155029296875,282.5628356933594,223.6520538330078
0.4,0.5,0.1,0.4,True,147,59,74,15,58,500,261.7617492675781,10.682976722717285,261.1474304199219,276.43626403808594,280.9697555541992,307.60662841796875,238.40139770507812
0.4,0.5,0.15000000000000002,0.35,True,147,59,74,22,51,500,275.6032409667969,9.756329536437988,275.0895538330078,288.7357421875,293.5471466064453,322.9242858886719,246.09999084472656
0.4,0.5,0.2,0.3,True,147,59,74,29,44,500,288.7301025390625,10.614368438720703,287.58534240722656,302.9343200683594,308.74249572753905,339.2796325683594,265.3905944824219
0.4,0.5,0.25,0.25,True,147,59,74,37,36,500,305.5004577636719,10.971603393554688,304.2337341308594,320.36379089355466,325.5339019775391,341.53350830078125,280.2182312011719
0.4,0.5,0.30000000000000004,0.19999999999999996,True,147,59,74,44,29,500,319.7008972167969,11.604893684387207,318.65284729003906,334.10466918945315,339.8800323486328,371.1387634277344,291.4742431640625
0.4,0.5,0.35000000000000003,0.14999999999999997,True,147,59,74,51,22,500,332.23956298828125,10.086957931518555,331.6829833984375,345.0135131835938,348.94615936279297,366.0330810546875,302.79156494140625
0.4,0.5,0.4,0.09999999999999998,True,147,59,74,59,14,500,348.6224060058594,11.663105964660645,347.9283447265625,363.87371215820315,368.6012939453125,387.8356018066406,320.96917724609375
0.4,0.5,0.45,0.04999999999999999,True,147,59,74,66,7,500,364.1467590332031,11.342775344848633,363.19212341308594,379.9130340576172,384.78845367431643,402.2929992675781,332.2085266113281
0.4,0.5,0.5,0.0,True,147,59,74,73,0,500,377.1731872558594,11.460270881652832,376.8982391357422,390.90061950683594,395.1981735229492,425.99505615234375,343.55377197265625
0.4,0.55,0.0,0.44999999999999996,True,147,59,81,0,66,500,238.72662353515625,9.82486343383789,237.84908294677734,251.486083984375,255.28516311645507,274.2525939941406,213.1941375732422
0.4,0.55,0.05,0.39999999999999997,True,147,59,81,7,59,500,252.6327362060547,10.025986671447754,252.0752182006836,265.4715148925781,270.7649124145508,295.3487854003906,225.33639526367188
0.4,0.55,0.1,0.35,True,147,59,81,15,51,500,269.7269287109375,10.978195190429688,268.98828125,284.00746765136716,288.8559127807617,306.7848815917969,243.23756408691406
0.4,0.55,0.15000000000000002,0.29999999999999993,True,147,59,81,22,44,500,282.34576416015625,10.066084861755371,281.19964599609375,295.9532684326172,300.68620758056636,317.1144104003906,256.85296630859375
0.4,0.55,0.2,0.24999999999999994,True,147,59,81,29,37,500,297.65948486328125,10.28628158569336,297.40330505371094,310.6344482421875,314.27744750976564,338.4493713378906,272.7337951660156
0.4,0.55,0.25,0.19999999999999996,True,147,59,81,37,29,500,312.8262023925781,11.477150917053223,312.1402893066406,327.5202117919922,332.78049163818355,350.77667236328125,284.4539794921875
0.4,0.55,0.30000000000000004,0.1499999999999999,True,147,59,81,44,22,500,326.6780090332031,11.135281562805176,326.1497039794922,340.77069091796875,345.20302429199216,365.6099548339844,301.1025695800781
0.4,0.55,0.35000000000000003,0.09999999999999992,True,147,59,81,51,15,500,340.6179504394531,10.930832862854004,340.00502014160156,354.27772521972656,360.0988967895508,376.5396423339844,313.137451171875
0.4,0.55,0.4,0.04999999999999993,True,147,59,81,59,7,500,356.0090637207031,10.915453910827637,355.3180389404297,369.7548828125,375.2192153930664,396.7037048339844,329.12921142578125
0.4,0.55,0.45,0.0,True,147,59,81,66,0,500,371.2257995605469,11.652607917785645,369.9705352783203,386.1463684082031,392.25587158203126,404.8980712890625,341.21612548828125
0.4,0.6000000000000001,0.0,0.3999999999999999,True,147,59,88,0,59,500,247.2003173828125,10.028026580810547,246.76023864746094,259.5215728759766,264.7046264648437,294.60546875,222.03366088867188
0.4,0.6000000000000001,0.05,0.3499999999999999,True,147,59,88,7,52,500,261.11566162109375,10.499283790588379,260.7373504638672,274.65248413085936,281.11698760986326,294.7499694824219,231.79913330078125
0.4,0.6000000000000001,0.1,0.29999999999999993,True,147,59,88,15,44,500,276.74688720703125,11.094205856323242,275.2688903808594,291.7240478515625,297.30362091064455,320.1249084472656,252.41213989257812
0.4,0.6000000000000001,0.15000000000000002,0.2499999999999999,True,147,59,88,22,37,500,289.72613525390625,10.573698997497559,288.9138488769531,302.9287811279297,308.80861511230466,321.19989013671875,261.28961181640625
0.4,0.6000000000000001,0.2,0.1999999999999999,True,147,59,88,29,30,500,304.29681396484375,10.91336727142334,304.27587890625,318.56321716308594,322.66849212646486,342.4376220703125,276.8382263183594
0.4,0.6000000000000001,0.25,0.1499999999999999,True,147,59,88,37,22,500,321.4617614746094,11.165532112121582,320.70997619628906,334.8477783203125,339.2657958984375,369.742431640625,292.8606262207031
0.4,0.6000000000000001,0.30000000000000004,0.09999999999999987,True,147,59,88,44,15,500,333.6598815917969,11.226542472839355,332.7108612060547,348.05194702148435,353.71458740234374,381.6972351074219,305.63067626953125
0.4,0.6000000000000001,0.35000000000000003,0.04999999999999988,True,147,59,88,51,8,500,348.6288757324219,10.868408203125,348.0900115966797,362.4763977050781,368.11607666015624,386.0921325683594,317.7694091796875
0.4,0.6000000000000001,0.4,0.0,True,147,59,88,59,0,500,364.93975830078125,11.33549690246582,364.1769256591797,379.9606628417969,384.9493041992187,403.7040100097656,334.8280029296875
0.4,0.65,0.0,0.35,True,147,59,96,0,51,500,255.77505493164062,10.455692291259766,255.2041473388672,269.00205688476564,274.0414154052734,295.4004821777344,231.23886108398438
0.4,0.65,0.05,0.3,True,147,59,96,7,44,500,268.72406005859375,9.913042068481445,268.06398010253906,281.5075408935547,287.4319396972656,305.7759704589844,240.95559692382812
0.4,0.65,0.1,0.24999999999999997,True,147,59,96,15,36,500,284.8297424316406,10.601288795471191,284.20396423339844,298.9579376220703,303.03311614990236,330.77020263671875,258.73291015625
0.4,0.65,0.15000000000000002,0.19999999999999996,True,147,59,96,22,29,500,299.356201171875,10.90749740600586,298.1873474121094,313.23943481445315,317.9485061645508,337.39739990234375,273.72833251953125
0.4,0.65,0.2,0.14999999999999997,True,147,59,96,29,22,500,312.4002685546875,10.771085739135742,311.6186828613281,325.66864318847655,331.02528533935543,363.3665466308594,284.7943420410156
0.4,0.65,0.25,0.09999999999999998,True,147,59,96,37,14,500,329.1427001953125,10.878257751464844,328.5060119628906,344.2054168701172,348.9193115234375,363.70574951171875,298.4305419921875
0.4,0.65,0.30000000000000004,0.04999999999999993,True,147,59,96,44,7,500,342.7247009277344,11.039917945861816,341.7939910888672,357.2425964355469,361.41553497314453,396.46636962890625,314.18206787109375
0.4,0.65,0.35000000000000003,0.0,True,147,59,96,51,0,500,358.0220947265625,11.43282413482666,357.0327606201172,373.1476257324219,377.88428192138673,398.4594421386719,327.84185791015625
0.4,0.7000000000000001,0.0,0.29999999999999993,True,147,59,103,0,44,500,263.56036376953125,10.150962829589844,262.31251525878906,275.97548522949216,281.0080825805664,301.715576171875,241.12005615234375
0.4,0.7000000000000001,0.05,0.24999999999999994,True,147,59,103,7,37,500,277.5688171386719,10.55925178527832,276.81915283203125,290.8198211669922,295.75307006835936,315.9630432128906,242.71311950683594
0.4,0.7000000000000001,0.1,0.19999999999999993,True,147,59,103,15,29,500,293.28594970703125,10.574920654296875,292.88392639160156,307.31443481445314,310.2758590698242,337.366943359375,268.6835021972656
0.4,0.7000000000000001,0.15000000000000002,0.1499999999999999,True,147,59,103,22,22,500,306.5761413574219,10.836051940917969,306.06634521484375,321.3802917480469,325.38097686767577,345.2457580566406,275.5606689453125
0.4,0.7000000000000001,0.2,0.09999999999999992,True,147,59,103,29,15,500,321.2052001953125,11.893263816833496,320.1565246582031,337.20346679687503,342.0198944091797,370.9837646484375,287.28448486328125
0.4,0.7000000000000001,0.25,0.04999999999999993,True,147,59,103,37,7,500,336.6965637207031,11.058329582214355,335.7244567871094,349.8537200927734,356.9888717651367,391.5399169921875,305.6448669433594
0.4,0.7000000000000001,0.30000000000000004,0.0,True,147,59,103,44,0,500,350.4546203613281,10.739118576049805,350.23744201660156,364.50677795410155,368.0116195678711,395.520263671875,324.35528564453125
0.4,0.75,0.0,0.25,True,147,59,110,0,37,500,271.1566162109375,10.504465103149414,270.57289123535156,284.8886260986328,288.8611068725586,318.1454162597656,243.62840270996094
0.4,0.75,0.05,0.2,True,147,59,110,7,30,500,285.1686706542969,9.687509536743164,284.9537811279297,297.9433929443359,301.4625900268555,315.35064697265625,259.0706481933594
0.4,0.75,0.1,0.15,True,147,59,110,15,22,500,300.7056579589844,10.4874267578125,299.99964904785156,314.9046112060547,319.31053161621094,333.49053955078125,277.23419189453125
0.4,0.75,0.15000000000000002,0.09999999999999998,True,147,59,110,22,15,500,314.4411315917969,10.59740161895752,313.70440673828125,327.98546447753904,332.2709091186523,354.02508544921875,291.1736145019531
0.4,0.75,0.2,0.04999999999999999,True,147,59,110,29,8,500,327.9961853027344,10.88280200958252,326.85821533203125,342.15667724609375,348.72607269287107,373.34600830078125,303.3472900390625
0.4,0.75,0.25,0.0,True,147,59,110,37,0,500,345.1130676269531,11.051952362060547,344.40367126464844,359.7855712890625,364.3274261474609,375.9980163574219,316.75775146484375
0.4,0.8,0.0,0.19999999999999996,True,147,59,118,0,29,500,281.0165710449219,10.51726245880127,280.61370849609375,295.0845611572266,299.20453491210935,316.8226318359375,257.83001708984375
0.4,0.8,0.05,0.14999999999999997,True,147,59,118,7,22,500,293.4129333496094,10.143394470214844,293.6207733154297,306.1383087158203,310.50487060546874,331.29742431640625,268.898681640625
0.4,0.8,0.1,0.09999999999999995,True,147,59,118,15,14,500,308.8010559082031,10.610313415527344,308.0987854003906,322.69671325683595,326.9621810913086,352.52294921875,281.0773010253906
0.4,0.8,0.15000000000000002,0.04999999999999993,True,147,59,118,22,7,500,323.8369140625,10.869837760925293,323.39239501953125,338.2548431396484,341.7675537109375,364.13336181640625,297.3501892089844
0.4,0.8,0.2,0.0,True,147,59,118,29,0,500,337.3397216796875,11.283095359802246,335.88365173339844,352.15264282226565,356.71327056884763,377.4434814453125,311.69866943359375
0.4,0.8500000000000001,0.0,0.1499999999999999,True,147,59,125,0,22,500,286.7337646484375,10.964516639709473,286.3346252441406,299.96588745117185,305.67933959960936,338.3381652832031,258.9390869140625
0.4,0.8500000000000001,0.05,0.09999999999999991,True,147,59,125,7,15,500,301.21307373046875,11.00795841217041,300.22434997558594,315.28029479980466,319.66168823242185,340.8049011230469,274.8338317871094
0.4,0.8500000000000001,0.1,0.049999999999999906,True,147,59,125,15,7,500,317.2203674316406,10.101446151733398,316.2791442871094,330.59373474121094,334.8612228393555,355.25732421875,293.45208740234375
0.4,0.8500000000000001,0.15000000000000002,0.0,True,147,59,125,22,0,500,330.3836975097656,10.668805122375488,329.6244812011719,344.66355895996094,348.9620193481445,369.26361083984375,304.73870849609375
0.4,0.9,0.0,0.09999999999999998,True,147,59,132,0,15,500,294.5087585449219,10.561592102050781,293.35296630859375,307.92316284179685,313.74778900146487,333.5806579589844,267.3273010253906
0.4,0.9,0.05,0.049999999999999975,True,147,59,132,7,8,500,308.01531982421875,9.820508003234863,307.814697265625,320.3922576904297,324.37711944580076,338.2869567871094,282.2200622558594
0.4,0.9,0.1,0.0,True,147,59,132,15,0,500,325.92205810546875,10.655301094055176,324.7458190917969,341.2603759765625,345.4344055175781,358.14532470703125,297.10003662109375
0.4,0.9500000000000001,0.0,0.04999999999999993,True,147,59,140,0,7,500,304.9244689941406,10.684070587158203,304.27752685546875,318.54302368164065,323.86463470458983,348.22283935546875,277.1190490722656
0.4,0.9500000000000001,0.05,0.0,True,147,59,140,7,0,500,318.82525634765625,10.820759773254395,318.41432189941406,333.20916748046875,337.72156219482423,369.4184265136719,292.26873779296875
0.4,1.0,0.0,0.0,True,147,59,147,0,0,500,311.9853820800781,10.69129753112793,311.109375,327.05828247070315,330.008723449707,342.55950927734375,282.2733154296875
