ev_penetration,hhp_percentage,mhp_percentage,boiler_percentage,valid_mix,n_dwellings,n_ev_homes,n_hhp_homes,n_mhp_homes,n_boiler_homes,mc_runs_per_pixel,max_demand_mean_kw,max_demand_std_kw,max_demand_p50_kw,max_demand_p90_kw,max_demand_p95_kw,max_demand_max_kw,max_demand_min_kw
0.2,0.0,0.0,1.0,True,147,29,0,0,147,500,110.71244049072266,5.0122971534729,110.31649780273438,117.01556015014648,118.96360855102539,130.55767822265625,98.22470092773438
0.2,0.0,0.05,0.95,True,147,29,0,7,140,500,113.98382568359375,5.570412635803223,113.22517776489258,121.24076995849609,124.04904785156249,139.57247924804688,102.06468963623047
0.2,0.0,0.1,0.9,True,147,29,0,15,132,500,123.26176452636719,6.460731506347656,122.43195343017578,131.9434783935547,135.20576248168945,148.20777893066406,109.12751770019531
0.2,0.0,0.15000000000000002,0.85,True,147,29,0,22,125,500,136.38287353515625,7.4863600730896,136.0609130859375,145.96390686035156,149.38954620361326,169.19998168945312,118.37545013427734
0.2,0.0,0.2,0.8,True,147,29,0,29,118,500,149.97406005859375,7.685378551483154,149.06061553955078,159.4618347167969,164.0122863769531,182.97378540039062,130.71975708007812
0.2,0.0,0.25,0.75,True,147,29,0,37,110,500,165.78704833984375,7.850034236907959,165.2082977294922,176.25830688476563,178.77057495117188,187.9145050048828,144.2334747314453
0.2,0.0,0.30000000000000004,0.7,True,147,29,0,44,103,500,180.5809783935547,8.339314460754395,180.19215393066406,191.7639373779297,195.08159484863282,209.2594451904297,159.64987182617188
0.2,0.0,0.35000000000000003,0.6499999999999999,True,147,29,0,51,96,500,193.75112915039062,8.0139741897583,193.11095428466797,203.5542190551758,208.5069496154785,225.9060516357422,175.27291870117188
0.2,0.0,0.4,0.6,True,147,29,0,59,88,500,210.01742553710938,8.6131591796875,209.9214859008789,221.59107360839843,223.72324295043944,240.4906768798828,182.89987182617188
0.2,0.0,0.45,0.55,True,147,29,0,66,81,500,223.3267822265625,8.336774826049805,223.12881469726562,234.25979309082032,237.14032974243165,252.70428466796875,194.23861694335938
0.2,0.0,0.5,0.5,True,147,29,0,74,73,500,239.97865295410156,8.638614654541016,239.68778228759766,251.04953308105468,254.23760681152342,275.6426086425781,218.98486328125
0.2,0.0,0.55,0.44999999999999996,True,147,29,0,81,66,500,254.28506469726562,8.944549560546875,253.3195571899414,266.84852905273436,270.45241699218747,280.3045654296875,233.64141845703125
0.2,0.0,0.6000000000000001,0.3999999999999999,True,147,29,0,88,59,500,267.5775451660156,8.577176094055176,267.51678466796875,278.71446838378904,281.61911926269534,292.1180725097656,240.27175903320312
0.2,0.0,0.65,0.35,True,147,29,0,96,51,500,284.3012390136719,8.939391136169434,283.7576599121094,295.6337463378906,299.66698608398434,324.17669677734375,260.0350646972656
0.2,0.0,0.7000000000000001,0.29999999999999993,True,147,29,0,103,44,500,297.87109375,8.319342613220215,297.6355285644531,308.7600494384766,311.1351577758789,325.0785827636719,271.6100769042969
0.2,0.0,0.75,0.25,True,147,29,0,110,37,500,312.32318115234375,8.75500774383545,312.17637634277344,323.73735656738285,327.4573806762695,336.9218444824219,289.8030090332031
0.2,0.0,0.8,0.19999999999999996,True,147,29,0,118,29,500,328.65313720703125,9.371859550476074,328.3012237548828,341.0648132324219,343.6910064697266,364.4105529785156,301.19464111328125
0.2,0.0,0.8500000000000001,0.1499999999999999,True,147,29,0,125,22,500,342.3192443847656,8.922613143920898,341.76768493652344,354.2785675048828,358.20043945312494,368.0419616699219,315.80059814453125
0.2,0.0,0.9,0.09999999999999998,True,147,29,0,132,15,500,356.2377014160156,9.094563484191895,355.50782775878906,368.6787506103516,371.6591171264648,387.73095703125,331.6912841796875
0.2,0.0,0.9500000000000001,0.04999999999999993,True,147,29,0,140,7,500,373.61517333984375,8.958434104919434,372.93223571777344,385.0933837890625,387.22227935791017,404.3723449707031,346.8324279785156
0.2,0.0,1.0,0.0,True,147,29,0,147,0,500,387.60748291015625,8.78003215789795,387.19517517089844,398.5157867431641,402.3870849609375,419.0266418457031,362.4745788574219
0.2,0.05,0.0,0.95,True,147,29,7,0,140,500,112.78498077392578,5.021872520446777,112.39201736450195,119.19601821899414,121.8646213531494,135.32579040527344,101.73388671875
0.2,0.05,0.05,0.8999999999999999,True,147,29,7,7,133,500,117.98707580566406,6.030120372772217,117.6083869934082,125.89254760742188,128.1590965270996,143.24627685546875,105.7838363647461
0.2,0.05,0.1,0.85,True,147,29,7,15,125,500,130.08912658691406,6.944316864013672,129.2513427734375,139.71487579345703,141.99890060424804,153.5870819091797,109.42794799804688
0.2,0.05,0.15000000000000002,0.7999999999999999,True,147,29,7,22,118,500,143.8741912841797,7.700559616088867,143.20481872558594,153.72447357177734,158.03961639404298,170.03106689453125,124.99008178710938
0.2,0.05,0.2,0.75,True,147,29,7,29,111,500,157.98757934570312,7.463750839233398,157.41685485839844,166.84565277099608,171.27387542724608,194.11767578125,139.06910705566406
0.2,0.05,0.25,0.7,True,147,29,7,37,103,500,173.58592224121094,8.417616844177246,173.14959716796875,184.12221984863282,187.62463150024413,207.37124633789062,152.78506469726562
0.2,0.05,0.30000000000000004,0.6499999999999999,True,147,29,7,44,96,500,188.08660888671875,8.0776948928833,187.67559051513672,197.77153778076172,201.11126098632812,213.34609985351562,162.16250610351562
0.2,0.05,0.35000000000000003,0.5999999999999999,True,147,29,7,51,89,500,201.37196350097656,7.9836835861206055,200.9752197265625,211.5940399169922,215.551163482666,227.97471618652344,179.6363525390625
0.2,0.05,0.4,0.5499999999999999,True,147,29,7,59,81,500,217.72625732421875,8.57755184173584,217.13177490234375,229.97391204833986,232.2011817932129,244.4205322265625,196.86915588378906
0.2,0.05,0.45,0.49999999999999994,True,147,29,7,66,74,500,231.09629821777344,7.993690013885498,230.52224731445312,242.2807586669922,244.9997657775879,252.521728515625,210.01632690429688
0.2,0.05,0.5,0.44999999999999996,True,147,29,7,74,66,500,247.38070678710938,8.406929016113281,246.8738784790039,258.16636962890624,263.4981628417969,273.1993713378906,226.57093811035156
0.2,0.05,0.55,0.3999999999999999,True,147,29,7,81,59,500,260.89605712890625,8.357885360717773,261.27752685546875,271.4458862304688,273.9848388671875,286.5406494140625,232.17233276367188
0.2,0.05,0.6000000000000001,0.34999999999999987,True,147,29,7,88,52,500,275.03192138671875,8.928055763244629,274.68919372558594,286.8470092773438,290.83344116210935,301.10418701171875,250.6739501953125
0.2,0.05,0.65,0.29999999999999993,True,147,29,7,96,44,500,292.9110107421875,9.23300838470459,292.3796691894531,305.75867614746096,309.38025970458983,320.8390197753906,269.54290771484375
0.2,0.05,0.7000000000000001,0.2499999999999999,True,147,29,7,103,37,500,305.8815002441406,8.881647109985352,305.3513488769531,316.8636444091797,320.8247360229492,335.71917724609375,283.2628173828125
0.2,0.05,0.75,0.19999999999999996,True,147,29,7,110,30,500,319.03070068359375,8.98272705078125,318.70274353027344,330.5415283203125,333.7872344970703,352.83538818359375,294.3595275878906
0.2,0.05,0.8,0.1499999999999999,True,147,29,7,118,22,500,336.0769958496094,8.999802589416504,335.80284118652344,347.0445281982422,351.27419128417966,363.9697265625,308.2560729980469
0.2,0.05,0.8500000000000001,0.09999999999999987,True,147,29,7,125,15,500,350.66680908203125,9.123549461364746,350.57420349121094,362.11753234863284,365.86913452148434,376.17449951171875,324.0568542480469
0.2,0.05,0.9,0.04999999999999993,True,147,29,7,132,8,500,363.8689270019531,9.47555923461914,363.6169891357422,376.49013366699216,380.55249481201173,393.9315185546875,338.89251708984375
0.2,0.05,0.9500000000000001,0.0,True,147,29,7,140,0,500,380.2900085449219,9.184752464294434,380.0670928955078,391.2526458740234,394.8127197265625,419.86737060546875,358.9708251953125
0.2,0.1,0.0,0.9,True,147,29,15,0,132,500,115.90809631347656,5.094843864440918,115.4840202331543,122.35287475585938,125.06916542053223,135.27093505859375,102.98847198486328
0.2,0.1,0.05,0.85,True,147,29,15,7,125,500,123.89907836914062,6.455842971801758,122.91538619995117,131.85156860351563,136.5012023925781,148.94679260253906,109.73001861572266
0.2,0.1,0.1,0.8,True,147,29,15,15,117,500,139.01426696777344,7.130697727203369,138.28394317626953,148.56913299560546,151.66270446777344,162.33456420898438,122.2877197265625
0.2,0.1,0.15000000000000002,0.75,True,147,29,15,22,110,500,152.1584014892578,7.31134557723999,151.55098724365234,161.185546875,164.28187103271483,178.727783203125,133.48204040527344
0.2,0.1,0.2,0.7,True,147,29,15,29,103,500,166.86289978027344,7.9066481590271,166.5435562133789,176.12958679199218,180.72034378051757,192.71759033203125,147.02163696289062
0.2,0.1,0.25,0.65,True,147,29,15,37,95,500,182.50949096679688,8.08569049835205,182.06121063232422,193.1512023925781,198.2316467285156,206.66973876953125,162.9197540283203
0.2,0.1,0.30000000000000004,0.6,True,147,29,15,44,88,500,196.3862762451172,8.304140090942383,196.06228637695312,206.58943786621094,211.35695877075193,221.58201599121094,173.16763305664062
0.2,0.1,0.35000000000000003,0.55,True,147,29,15,51,81,500,209.99203491210938,8.397354125976562,209.7695541381836,220.3676986694336,223.99321670532225,241.29058837890625,182.7984619140625
0.2,0.1,0.4,0.5,True,147,29,15,59,73,500,226.63800048828125,9.1417818069458,225.59273529052734,238.6072967529297,243.47918319702148,265.96185302734375,206.97357177734375
0.2,0.1,0.45,0.45,True,147,29,15,66,66,500,240.08763122558594,8.289402961730957,239.54163360595703,251.2457748413086,254.20532150268554,266.69976806640625,216.79586791992188
0.2,0.1,0.5,0.4,True,147,29,15,74,58,500,256.4676208496094,8.939964294433594,256.17796325683594,267.54026489257814,272.3032455444336,298.12939453125,232.86489868164062
0.2,0.1,0.55,0.35,True,147,29,15,81,51,500,269.9541320800781,9.038552284240723,269.6398162841797,282.5100799560547,285.9283905029297,299.02911376953125,245.5841064453125
0.2,0.1,0.6000000000000001,0.29999999999999993,True,147,29,15,88,44,500,284.45074462890625,8.56014633178711,284.09181213378906,295.1436706542969,298.5765182495117,313.7257995605469,262.86590576171875
0.2,0.1,0.65,0.25,True,147,29,15,96,36,500,299.8741149902344,9.33310317993164,299.5540771484375,311.9685516357422,315.1387237548828,334.4256896972656,273.04656982421875
0.2,0.1,0.7000000000000001,0.19999999999999996,True,147,29,15,103,29,500,314.52655029296875,9.037748336791992,314.04600524902344,326.75013427734376,330.22686462402345,339.4326477050781,288.23114013671875
0.2,0.1,0.75,0.15000000000000002,True,147,29,15,110,22,500,328.8581237792969,8.603965759277344,328.5483856201172,339.7491760253906,344.0860122680664,357.3571472167969,306.3903503417969
0.2,0.1,0.8,0.09999999999999998,True,147,29,15,118,14,500,344.6897277832031,8.698057174682617,344.2842254638672,355.7681030273438,360.0491943359375,370.5874938964844,319.71026611328125
0.2,0.1,0.8500000000000001,0.04999999999999993,True,147,29,15,125,7,500,359.1389465332031,8.958442687988281,358.9810028076172,370.942822265625,374.4501358032227,383.1122741699219,337.9090270996094
0.2,0.1,0.9,0.0,True,147,29,15,132,0,500,372.80316162109375,9.335126876831055,371.9241638183594,384.4417327880859,389.2866714477539,408.1622009277344,350.1035461425781
0.2,0.15000000000000002,0.0,0.85,True,147,29,22,0,125,500,119.88677978515625,5.665206432342529,119.10366821289062,127.49636688232422,130.121809387207,144.59437561035156,107.02197265625
0.2,0.15000000000000002,0.05,0.7999999999999999,True,147,29,22,7,118,500,131.02378845214844,6.8577399253845215,130.3663787841797,140.37005615234375,142.7429588317871,154.73440551757812,113.34623718261719
0.2,0.15000000000000002,0.1,0.75,True,147,29,22,15,110,500,146.2938232421875,7.101375102996826,145.56564331054688,156.17536163330078,158.62245330810546,168.65792846679688,126.57073211669922
0.2,0.15000000000000002,0.15000000000000002,0.7,True,147,29,22,22,103,500,159.97242736816406,7.814318656921387,159.5974884033203,170.65601196289063,173.60633697509766,190.83441162109375,138.08474731445312
0.2,0.15000000000000002,0.2,0.6499999999999999,True,147,29,22,29,96,500,173.90171813964844,7.803912162780762,173.06616973876953,184.28107604980468,187.25010833740234,201.75912475585938,153.03050231933594
0.2,0.15000000000000002,0.25,0.6,True,147,29,22,37,88,500,189.82704162597656,7.767459869384766,189.64185333251953,200.58961029052733,202.81675796508787,217.3147735595703,165.39044189453125
0.2,0.15000000000000002,0.30000000000000004,0.5499999999999999,True,147,29,22,44,81,500,203.94671630859375,8.192607879638672,203.7526626586914,214.0213394165039,216.60474319458007,238.27517700195312,181.5474853515625
0.2,0.15000000000000002,0.35000000000000003,0.49999999999999994,True,147,29,22,51,74,500,217.49107360839844,7.6407976150512695,217.10813903808594,226.80337371826172,230.21005859375,240.9139404296875,198.16790771484375
0.2,0.15000000000000002,0.4,0.44999999999999996,True,147,29,22,59,66,500,234.2801971435547,8.454636573791504,233.8193817138672,245.28175354003906,249.66392135620114,266.3290710449219,214.14306640625
0.2,0.15000000000000002,0.45,0.39999999999999997,True,147,29,22,66,59,500,248.134765625,8.535346984863281,247.29122924804688,259.4401824951172,262.7026260375976,271.92205810546875,223.5937042236328
0.2,0.15000000000000002,0.5,0.35,True,147,29,22,74,51,500,263.2926025390625,8.543535232543945,263.0164794921875,273.8971405029297,276.74644165039064,296.19610595703125,243.05259704589844
0.2,0.15000000000000002,0.55,0.29999999999999993,True,147,29,22,81,44,500,278.1718444824219,8.961494445800781,277.42181396484375,290.61188354492185,294.3810470581055,302.4947814941406,251.7052764892578
0.2,0.15000000000000002,0.6000000000000001,0.2499999999999999,True,147,29,22,88,37,500,291.98492431640625,8.453668594360352,291.6981506347656,302.10088806152345,306.33011627197266,322.6606750488281,269.0223388671875
0.2,0.15000000000000002,0.65,0.19999999999999996,True,147,29,22,96,29,500,308.62713623046875,8.735977172851562,308.32286071777344,319.28785095214846,324.2843551635742,337.9154357910156,282.8700866699219
0.2,0.15000000000000002,0.7000000000000001,0.1499999999999999,True,147,29,22,103,22,500,322.06195068359375,8.754456520080566,321.1237487792969,334.1569519042969,337.27928924560547,364.36688232421875,298.6458435058594
0.2,0.15000000000000002,0.75,0.09999999999999998,True,147,29,22,110,15,500,336.742919921875,8.668604850769043,336.65284729003906,348.28162536621096,352.38557586669924,365.3941650390625,313.0107421875
0.2,0.15000000000000002,0.8,0.04999999999999993,True,147,29,22,118,7,500,352.56292724609375,8.50734806060791,352.29986572265625,363.3555389404297,366.72008514404297,386.02947998046875,331.5436096191406
0.2,0.15000000000000002,0.8500000000000001,0.0,True,147,29,22,125,0,500,365.7671813964844,9.057743072509766,365.5120544433594,377.5196044921875,381.67695770263674,404.0628356933594,333.47735595703125
0.2,0.2,0.0,0.8,True,147,29,29,0,118,500,125.08677673339844,5.8198394775390625,124.57240295410156,132.8063522338867,137.18720626831055,144.91795349121094,111.72541046142578
0.2,0.2,0.05,0.75,True,147,29,29,7,111,500,138.27359008789062,6.867815971374512,137.77035522460938,146.97896423339844,148.80314102172852,163.84042358398438,119.39179992675781
0.2,0.2,0.1,0.7000000000000001,True,147,29,29,15,103,500,154.3311004638672,7.358382225036621,153.6592254638672,164.40318603515624,167.58704223632813,176.03475952148438,136.59669494628906
0.2,0.2,0.15000000000000002,0.65,True,147,29,29,22,96,500,167.87107849121094,7.642314910888672,166.94420623779297,177.82390441894532,181.83421096801757,193.58840942382812,149.69100952148438
0.2,0.2,0.2,0.6000000000000001,True,147,29,29,29,89,500,181.80067443847656,7.991173267364502,180.9868392944336,192.59685363769532,196.6852798461914,210.7244110107422,160.18075561523438
0.2,0.2,0.25,0.55,True,147,29,29,37,81,500,198.22467041015625,8.053300857543945,197.27312469482422,208.75469970703125,211.5823188781738,224.25537109375,175.3141326904297
0.2,0.2,0.30000000000000004,0.5,True,147,29,29,44,74,500,211.06927490234375,8.051897048950195,210.75377655029297,221.21625061035155,224.7281295776367,242.70297241210938,188.58836364746094
0.2,0.2,0.35000000000000003,0.45,True,147,29,29,51,67,500,224.96533203125,8.387797355651855,224.3570556640625,236.24370727539062,239.77008361816405,251.9108428955078,203.58302307128906
0.2,0.2,0.4,0.4,True,147,29,29,59,59,500,242.0240936279297,8.497394561767578,241.66448974609375,252.7716842651367,256.31024169921875,278.31402587890625,219.0462188720703
0.2,0.2,0.45,0.35000000000000003,True,147,29,29,66,52,500,255.80702209472656,8.208677291870117,255.4994888305664,266.3794830322266,270.1735382080078,287.5484924316406,231.62933349609375
0.2,0.2,0.5,0.30000000000000004,True,147,29,29,74,44,500,271.25299072265625,9.113959312438965,270.5175476074219,283.0091949462891,288.664567565918,302.3160705566406,249.5227813720703
0.2,0.2,0.55,0.25,True,147,29,29,81,37,500,285.43951416015625,8.963652610778809,284.9487762451172,296.87950439453124,301.33862152099607,310.5376281738281,261.21722412109375
0.2,0.2,0.6000000000000001,0.19999999999999996,True,147,29,29,88,30,500,300.06878662109375,8.158194541931152,300.1510925292969,310.65517578125,313.59671478271486,326.3561096191406,278.24578857421875
0.2,0.2,0.65,0.15000000000000002,True,147,29,29,96,22,500,314.91534423828125,8.676084518432617,315.17950439453125,326.08453369140625,329.2315475463867,346.1610412597656,289.77337646484375
0.2,0.2,0.7000000000000001,0.09999999999999998,True,147,29,29,103,15,500,329.40887451171875,8.67349624633789,329.454833984375,340.04014892578124,343.2001449584961,357.1295166015625,303.7682800292969
0.2,0.2,0.75,0.050000000000000044,True,147,29,29,110,8,500,343.6775207519531,8.413177490234375,343.2331237792969,354.8505889892578,358.0514251708984,364.85284423828125,324.885986328125
0.2,0.2,0.8,0.0,True,147,29,29,118,0,500,360.8451232910156,9.441540718078613,359.9862518310547,373.2631103515625,377.7619689941406,400.1065673828125,334.86639404296875
0.2,0.25,0.0,0.75,True,147,29,37,0,110,500,133.29852294921875,6.44903039932251,132.78941345214844,141.4288528442383,144.39002227783203,158.10220336914062,119.71774291992188
0.2,0.25,0.05,0.7,True,147,29,37,7,103,500,146.91317749023438,7.074047565460205,146.3630828857422,155.89322509765626,159.59173126220702,170.98526000976562,128.3594970703125
0.2,0.25,0.1,0.65,True,147,29,37,15,95,500,162.53231811523438,7.5135369300842285,161.68767547607422,172.57294464111328,175.8843078613281,188.24945068359375,143.3472900390625
0.2,0.25,0.15000000000000002,0.6,True,147,29,37,22,88,500,176.94876098632812,7.758511066436768,176.46001434326172,187.05908203125,191.16250305175782,205.65797424316406,158.17935180664062
0.2,0.25,0.2,0.55,True,147,29,37,29,81,500,190.4745635986328,7.600578784942627,189.89559936523438,200.2570068359375,203.28985366821286,219.55557250976562,171.92697143554688
0.2,0.25,0.25,0.5,True,147,29,37,37,73,500,206.7017059326172,7.930922508239746,206.36475372314453,216.37138671875002,219.24776763916014,233.85279846191406,176.39288330078125
0.2,0.25,0.30000000000000004,0.44999999999999996,True,147,29,37,44,66,500,220.58212280273438,7.924098014831543,219.92540740966797,231.69639282226564,234.64928970336913,246.6470947265625,196.18096923828125
0.2,0.25,0.35000000000000003,0.39999999999999997,True,147,29,37,51,59,500,234.59849548339844,8.299668312072754,233.93125915527344,245.95529022216797,248.57615585327147,260.59613037109375,211.49371337890625
0.2,0.25,0.4,0.35,True,147,29,37,59,51,500,250.32623291015625,8.567180633544922,249.88275909423828,261.4367950439453,264.88869018554686,274.99041748046875,226.5083770751953
0.2,0.25,0.45,0.3,True,147,29,37,66,44,500,264.36444091796875,8.4011812210083,263.65492248535156,276.3782684326172,279.84952545166016,289.0162353515625,244.3516387939453
0.2,0.25,0.5,0.25,True,147,29,37,74,36,500,279.6251220703125,8.884969711303711,279.2858428955078,290.97083435058596,295.8606582641602,309.8868408203125,258.5108642578125
0.2,0.25,0.55,0.19999999999999996,True,147,29,37,81,29,500,293.83544921875,8.316783905029297,293.7838897705078,304.4593444824219,307.85101928710935,316.82501220703125,265.9705810546875
0.2,0.25,0.6000000000000001,0.1499999999999999,True,147,29,37,88,22,500,308.3416748046875,8.910666465759277,307.59844970703125,320.1845764160156,323.738346862793,347.1656188964844,282.59246826171875
0.2,0.25,0.65,0.09999999999999998,True,147,29,37,96,14,500,325.19244384765625,8.9212064743042,324.82965087890625,336.7908935546875,340.2528839111328,350.2022399902344,300.50384521484375
0.2,0.25,0.7000000000000001,0.04999999999999993,True,147,29,37,103,7,500,339.3686218261719,8.575215339660645,338.9468078613281,350.2888092041016,355.2058303833008,364.1576232910156,311.42486572265625
0.2,0.25,0.75,0.0,True,147,29,37,110,0,500,352.5396728515625,9.041346549987793,351.4429931640625,364.67388305664065,369.92367401123045,386.8157043457031,328.0834655761719
0.2,0.30000000000000004,0.0,0.7,True,147,29,44,0,103,500,141.39244079589844,7.196908950805664,140.40447998046875,150.7720977783203,153.6912773132324,169.05105590820312,125.80261993408203
0.2,0.30000000000000004,0.05,0.6499999999999999,True,147,29,44,7,96,500,154.65687561035156,7.246962547302246,154.12334442138672,163.72126159667968,166.8316352844238,183.3063201904297,134.4793701171875
0.2,0.30000000000000004,0.1,0.6,True,147,29,44,15,88,500,170.1602783203125,7.070125102996826,169.79359436035156,178.9319869995117,182.54783554077147,199.49853515625,149.75390625
0.2,0.30000000000000004,0.15000000000000002,0.5499999999999999,True,147,29,44,22,81,500,184.1359100341797,7.553950786590576,183.5852508544922,194.27041931152343,197.0368453979492,224.59080505371094,163.57339477539062
0.2,0.30000000000000004,0.2,0.49999999999999994,True,147,29,44,29,74,500,197.94256591796875,7.566103935241699,197.72467041015625,207.2937973022461,210.53218765258788,229.9296417236328,178.48622131347656
0.2,0.30000000000000004,0.25,0.44999999999999996,True,147,29,44,37,66,500,213.77359008789062,8.127583503723145,213.45211791992188,223.7750228881836,227.7106788635254,256.1078796386719,190.5343017578125
0.2,0.30000000000000004,0.30000000000000004,0.3999999999999999,True,147,29,44,44,59,500,228.23008728027344,8.32713508605957,227.5166244506836,238.84116973876954,242.5866271972656,261.8637390136719,201.87603759765625
0.2,0.30000000000000004,0.35000000000000003,0.3499999999999999,True,147,29,44,51,52,500,241.92710876464844,8.258068084716797,241.2447967529297,252.19101104736328,254.83999786376953,274.841064453125,220.8514862060547
0.2,0.30000000000000004,0.4,0.29999999999999993,True,147,29,44,59,44,500,257.9102783203125,8.687963485717773,257.6033172607422,269.4781127929688,272.7627319335937,288.2943115234375,237.11074829101562
0.2,0.30000000000000004,0.45,0.24999999999999994,True,147,29,44,66,37,500,272.0994567871094,8.429415702819824,272.4830627441406,282.8205932617187,286.2657760620117,294.637939453125,248.86386108398438
0.2,0.30000000000000004,0.5,0.19999999999999996,True,147,29,44,74,29,500,287.92657470703125,8.931044578552246,287.02781677246094,300.55059509277345,303.4888458251953,322.70220947265625,264.7100524902344
0.2,0.30000000000000004,0.55,0.1499999999999999,True,147,29,44,81,22,500,302.35943603515625,8.358545303344727,302.24659729003906,313.17258911132814,316.66553802490233,330.86865234375,283.41552734375
0.2,0.30000000000000004,0.6000000000000001,0.09999999999999987,True,147,29,44,88,15,500,315.7362976074219,8.44765853881836,315.71563720703125,326.92200622558596,330.28543853759766,343.2037353515625,290.7875671386719
0.2,0.30000000000000004,0.65,0.04999999999999993,True,147,29,44,96,7,500,331.8500061035156,8.759763717651367,331.4860076904297,343.5372833251953,346.3437561035156,361.4600830078125,301.146484375
0.2,0.30000000000000004,0.7000000000000001,0.0,True,147,29,44,103,0,500,346.5474548339844,8.485280990600586,345.98182678222656,357.62677612304685,361.56700744628904,380.7207336425781,320.74761962890625
0.2,0.35000000000000003,0.0,0.6499999999999999,True,147,29,51,0,96,500,148.53871154785156,6.821413040161133,148.25096130371094,157.41868896484374,161.06360549926757,171.86476135253906,131.09014892578125
0.2,0.35000000000000003,0.05,0.5999999999999999,True,147,29,51,7,89,500,162.5764617919922,7.533270835876465,161.94985961914062,172.4998306274414,175.9123504638672,186.91452026367188,143.95388793945312
0.2,0.35000000000000003,0.1,0.5499999999999999,True,147,29,51,15,81,500,178.26577758789062,7.412368297576904,177.5756378173828,188.0201644897461,192.3738220214844,202.44976806640625,159.12498474121094
0.2,0.35000000000000003,0.15000000000000002,0.4999999999999999,True,147,29,51,22,74,500,192.5216522216797,8.032598495483398,191.55662536621094,203.1454635620117,206.58509902954103,220.45828247070312,171.6660614013672
0.2,0.35000000000000003,0.2,0.4499999999999999,True,147,29,51,29,67,500,206.05116271972656,7.8835129737854,205.59181213378906,217.12867279052733,219.96323928833007,228.78466796875,176.64898681640625
0.2,0.35000000000000003,0.25,0.3999999999999999,True,147,29,51,37,59,500,221.80618286132812,8.229622840881348,221.38308715820312,231.79629974365236,236.66435623168945,245.62808227539062,201.21310424804688
0.2,0.35000000000000003,0.30000000000000004,0.34999999999999987,True,147,29,51,44,52,500,235.43075561523438,8.252345085144043,234.69871520996094,246.81696624755858,250.94168014526366,261.89300537109375,210.83297729492188
0.2,0.35000000000000003,0.35000000000000003,0.2999999999999999,True,147,29,51,51,45,500,249.29345703125,8.522582054138184,249.1766128540039,260.3387878417969,263.324658203125,275.59063720703125,227.9167938232422
0.2,0.35000000000000003,0.4,0.2499999999999999,True,147,29,51,59,37,500,266.0516357421875,8.543584823608398,265.90367126464844,277.2699676513672,280.4010513305664,298.2923583984375,241.41712951660156
0.2,0.35000000000000003,0.45,0.1999999999999999,True,147,29,51,66,30,500,279.7143859863281,8.540942192077637,279.4067687988281,290.42554626464846,294.9503967285156,308.3974609375,257.20318603515625
0.2,0.35000000000000003,0.5,0.1499999999999999,True,147,29,51,74,22,500,295.9453125,8.578601837158203,295.5675964355469,307.29676818847656,311.3623382568359,322.2338562011719,273.7762145996094
0.2,0.35000000000000003,0.55,0.09999999999999987,True,147,29,51,81,15,500,309.7904357910156,8.960640907287598,309.4322204589844,321.6492584228516,323.92859802246096,342.6676940917969,287.1202087402344
0.2,0.35000000000000003,0.6000000000000001,0.04999999999999982,True,147,29,51,88,8,500,324.3503723144531,8.712156295776367,323.6967315673828,336.34783935546875,341.1659454345703,347.46240234375,301.1053771972656
0.2,0.35000000000000003,0.65,0.0,True,147,29,51,96,0,500,339.9287414550781,8.757807731628418,339.8059539794922,351.4409423828125,354.30826263427736,371.3265075683594,318.21630859375
0.2,0.4,0.0,0.6,True,147,29,59,0,88,500,157.37747192382812,6.927739143371582,156.95144653320312,165.68282928466797,170.3330696105957,183.96173095703125,140.77854919433594
0.2,0.4,0.05,0.5499999999999999,True,147,29,59,7,81,500,170.92401123046875,7.3477253913879395,170.19426727294922,180.98568725585938,184.15637817382813,195.91664123535156,153.22129821777344
0.2,0.4,0.1,0.5,True,147,29,59,15,73,500,186.63137817382812,7.3938751220703125,185.80927276611328,195.82916564941405,199.08854141235352,223.251708984375,168.76828002929688
0.2,0.4,0.15000000000000002,0.44999999999999996,True,147,29,59,22,66,500,200.82899475097656,7.5567946434021,200.49249267578125,211.32868194580078,213.75061798095703,227.4768524169922,182.24978637695312
0.2,0.4,0.2,0.39999999999999997,True,147,29,59,29,59,500,214.25564575195312,7.909172058105469,214.72057342529297,224.64478759765626,227.45760116577148,238.30101013183594,191.41592407226562
0.2,0.4,0.25,0.35,True,147,29,59,37,51,500,230.13778686523438,7.523664951324463,229.81192779541016,240.26053161621093,243.13982772827148,254.1271209716797,202.659912109375
0.2,0.4,0.30000000000000004,0.29999999999999993,True,147,29,59,44,44,500,244.59494018554688,7.874937534332275,244.40424346923828,255.01807861328126,258.21640930175784,265.27899169921875,222.9879913330078
0.2,0.4,0.35000000000000003,0.24999999999999994,True,147,29,59,51,37,500,257.5577697753906,8.246634483337402,257.08790588378906,267.41843872070314,272.910400390625,283.3121643066406,233.21873474121094
0.2,0.4,0.4,0.19999999999999996,True,147,29,59,59,29,500,274.50396728515625,8.60201644897461,274.13621520996094,285.32037353515625,289.9303726196289,297.87054443359375,248.47605895996094
0.2,0.4,0.45,0.14999999999999997,True,147,29,59,66,22,500,287.9789123535156,8.266481399536133,287.8219451904297,298.6131927490234,302.7298156738281,313.669677734375,261.43170166015625
0.2,0.4,0.5,0.09999999999999998,True,147,29,59,74,14,500,303.9834289550781,8.363421440124512,303.4900817871094,315.3097778320313,318.7439483642578,332.5072326660156,282.69384765625
0.2,0.4,0.55,0.04999999999999993,True,147,29,59,81,7,500,319.1399230957031,8.585772514343262,318.5131378173828,329.8404876708984,333.09486694335936,349.0762023925781,296.53167724609375
0.2,0.4,0.6000000000000001,0.0,True,147,29,59,88,0,500,332.9317932128906,8.558993339538574,332.6292266845703,343.50018615722655,347.34154510498047,362.386962890625,312.6111145019531
0.2,0.45,0.0,0.55,True,147,29,66,0,81,500,164.90335083007812,6.725489616394043,164.56127166748047,173.6933120727539,176.76767959594724,188.52976989746094,147.7777862548828
0.2,0.45,0.05,0.5,True,147,29,66,7,74,500,178.6974334716797,7.019296646118164,178.5498504638672,188.04644470214845,190.94435272216796,204.47059631347656,159.57196044921875
0.2,0.45,0.1,0.45000000000000007,True,147,29,66,15,66,500,194.392822265625,7.367913722991943,193.62487030029297,204.4544708251953,206.6625732421875,218.19805908203125,176.05731201171875
0.2,0.45,0.15000000000000002,0.4,True,147,29,66,22,59,500,208.15972900390625,7.729128360748291,207.7322540283203,218.08108978271486,222.1667037963867,234.2015380859375,185.7176971435547
0.2,0.45,0.2,0.35000000000000003,True,147,29,66,29,52,500,221.66012573242188,7.548873424530029,221.04199981689453,232.41324462890626,235.213761138916,248.82131958007812,203.66946411132812
0.2,0.45,0.25,0.30000000000000004,True,147,29,66,37,44,500,238.10792541503906,7.781158447265625,237.71070861816406,247.82026977539064,251.71784439086915,267.9603576660156,212.77828979492188
0.2,0.45,0.30000000000000004,0.25,True,147,29,66,44,37,500,252.7530059814453,8.481581687927246,252.07106018066406,264.1010406494141,266.95264434814453,285.0565185546875,227.4663848876953
0.2,0.45,0.35000000000000003,0.2,True,147,29,66,51,30,500,265.5589294433594,8.153580665588379,265.57798767089844,275.94898376464846,278.96998901367186,294.4299011230469,243.26585388183594
0.2,0.45,0.4,0.15000000000000002,True,147,29,66,59,22,500,282.5482482910156,8.53343391418457,282.2391815185547,294.0985076904297,297.3974609375,309.5308532714844,261.72125244140625
0.2,0.45,0.45,0.10000000000000003,True,147,29,66,66,15,500,296.2983703613281,8.793232917785645,295.8675079345703,308.4157775878906,311.5959945678711,326.9384765625,272.2873229980469
0.2,0.45,0.5,0.050000000000000044,True,147,29,66,74,7,500,312.2430725097656,8.687776565551758,311.68243408203125,324.0334808349609,327.9568161010742,336.1468811035156,291.12774658203125
0.2,0.45,0.55,0.0,True,147,29,66,81,0,500,326.5429382324219,8.357222557067871,326.45721435546875,337.5462341308594,340.4943908691406,348.75531005859375,301.4521179199219
0.2,0.5,0.0,0.5,True,147,29,74,0,73,500,173.48684692382812,7.10184907913208,172.70830535888672,182.67604064941406,186.0202995300293,200.357666015625,157.9598388671875
0.2,0.5,0.05,0.45,True,147,29,74,7,66,500,187.393310546875,7.47896671295166,186.80193328857422,197.3764221191406,199.52950210571288,216.00872802734375,166.1391143798828
0.2,0.5,0.1,0.4,True,147,29,74,15,58,500,203.3422088623047,7.722270488739014,202.54850006103516,212.88465881347656,218.1642738342285,228.5824737548828,182.3792724609375
0.2,0.5,0.15000000000000002,0.35,True,147,29,74,22,51,500,216.5552215576172,8.188408851623535,215.7897186279297,227.4302520751953,231.19985656738282,243.4701690673828,194.91818237304688
0.2,0.5,0.2,0.3,True,147,29,74,29,44,500,231.7845916748047,8.312085151672363,231.27615356445312,242.7345199584961,246.86032943725584,264.1379699707031,209.55416870117188
0.2,0.5,0.25,0.25,True,147,29,74,37,36,500,246.22457885742188,7.834852695465088,246.23323822021484,256.3247406005859,259.62064056396486,270.88995361328125,226.46873474121094
0.2,0.5,0.30000000000000004,0.19999999999999996,True,147,29,74,44,29,500,261.1893615722656,8.439898490905762,260.4285583496094,272.0590454101563,276.14806671142577,293.4716491699219,240.7794189453125
0.2,0.5,0.35000000000000003,0.14999999999999997,True,147,29,74,51,22,500,274.4001770019531,8.544983863830566,273.9427947998047,285.0517181396484,289.78236694335936,303.1180725097656,253.22396850585938
0.2,0.5,0.4,0.09999999999999998,True,147,29,74,59,14,500,291.10394287109375,8.457740783691406,290.69036865234375,302.1163726806641,305.77552337646483,322.0514221191406,268.5318298339844
0.2,0.5,0.45,0.04999999999999999,True,147,29,74,66,7,500,304.868408203125,8.044485092163086,304.2795867919922,316.0941497802734,318.3171356201172,329.8417663574219,282.7357177734375
0.2,0.5,0.5,0.0,True,147,29,74,73,0,500,319.181884765625,8.568697929382324,318.4741516113281,330.5778045654297,333.9559646606445,347.5484619140625,285.5439758300781
0.2,0.55,0.0,0.44999999999999996,True,147,29,81,0,66,500,181.54312133789062,7.323596000671387,181.12310028076172,190.277018737793,192.76861190795898,210.1339569091797,164.8648681640625
0.2,0.55,0.05,0.39999999999999997,True,147,29,81,7,59,500,195.02967834472656,7.546257019042969,194.30003356933594,205.10372924804688,208.55548324584962,221.23794555664062,173.26092529296875
0.2,0.55,0.1,0.35,True,147,29,81,15,51,500,210.89393615722656,7.779073715209961,210.39798736572266,220.8770278930664,224.98376617431637,237.2001953125,191.83648681640625
0.2,0.55,0.15000000000000002,0.29999999999999993,True,147,29,81,22,44,500,224.31614685058594,7.945436954498291,223.61566162109375,234.74945831298828,238.97567138671874,250.986572265625,203.05186462402344
0.2,0.55,0.2,0.24999999999999994,True,147,29,81,29,37,500,238.98915100097656,7.960310459136963,238.75450897216797,249.76255950927734,251.44466552734374,271.99456787109375,219.68585205078125
0.2,0.55,0.25,0.19999999999999996,True,147,29,81,37,29,500,254.46815490722656,8.254311561584473,254.28538513183594,264.60468139648435,268.3359939575195,295.8811950683594,235.60525512695312
0.2,0.55,0.30000000000000004,0.1499999999999999,True,147,29,81,44,22,500,268.8976745605469,8.821295738220215,268.23960876464844,279.83851928710936,285.1459259033203,300.4152526855469,247.16603088378906
0.2,0.55,0.35000000000000003,0.09999999999999992,True,147,29,81,51,15,500,283.4302062988281,8.515260696411133,283.04139709472656,294.4079559326172,298.62650604248046,314.83135986328125,261.40985107421875
0.2,0.55,0.4,0.04999999999999993,True,147,29,81,59,7,500,298.2743225097656,8.661563873291016,297.58387756347656,309.86525573730466,313.86033782958987,325.9421691894531,276.14239501953125
0.2,0.55,0.45,0.0,True,147,29,81,66,0,500,313.54156494140625,8.53614330291748,313.3236541748047,325.3107574462891,329.4322296142578,339.2646789550781,290.89202880859375
0.2,0.6000000000000001,0.0,0.3999999999999999,True,147,29,88,0,59,500,188.81683349609375,7.1660075187683105,188.28299713134766,198.08150939941407,201.6451545715332,211.4595184326172,171.485595703125
0.2,0.6000000000000001,0.05,0.3499999999999999,True,147,29,88,7,52,500,203.16094970703125,7.197460174560547,202.88700103759766,212.15069122314452,215.21374282836913,228.78695678710938,184.9444122314453
0.2,0.6000000000000001,0.1,0.29999999999999993,True,147,29,88,15,44,500,218.30982971191406,7.425079822540283,217.8129119873047,228.11327209472657,230.85258865356442,242.31546020507812,199.65440368652344
0.2,0.6000000000000001,0.15000000000000002,0.2499999999999999,True,147,29,88,22,37,500,232.8208770751953,7.761430263519287,231.77471923828125,243.42764282226562,246.83628463745117,260.0010681152344,215.1788330078125
0.2,0.6000000000000001,0.2,0.1999999999999999,True,147,29,88,29,30,500,246.7358856201172,7.7973809242248535,246.0395050048828,257.29041748046876,260.4125061035156,268.94384765625,226.08956909179688
0.2,0.6000000000000001,0.25,0.1499999999999999,True,147,29,88,37,22,500,262.6605224609375,8.057822227478027,261.9400329589844,272.7797027587891,276.6839202880859,296.107666015625,240.02029418945312
0.2,0.6000000000000001,0.30000000000000004,0.09999999999999987,True,147,29,88,44,15,500,276.7060546875,8.215042114257812,276.05848693847656,287.06349487304686,291.73399658203124,303.03497314453125,253.9708251953125
0.2,0.6000000000000001,0.35000000000000003,0.04999999999999988,True,147,29,88,51,8,500,290.4942321777344,8.39156723022461,289.9183044433594,302.00860290527345,305.38808746337884,314.0335998535156,267.1448974609375
0.2,0.6000000000000001,0.4,0.0,True,147,29,88,59,0,500,306.8121337890625,8.423545837402344,306.48316955566406,317.61915588378906,320.83208160400386,336.72003173828125,278.26025390625
0.2,0.65,0.0,0.35,True,147,29,96,0,51,500,197.43548583984375,6.490964412689209,197.2752914428711,206.08730773925782,208.38031005859375,223.40618896484375,181.39630126953125
0.2,0.65,0.05,0.3,True,147,29,96,7,44,500,211.4282684326172,7.245872974395752,211.27579498291016,221.12100067138672,223.582999420166,231.1653289794922,191.72592163085938
0.2,0.65,0.1,0.24999999999999997,True,147,29,96,15,36,500,227.24453735351562,7.276754856109619,227.2191619873047,236.46651000976564,240.8421348571777,253.36599731445312,208.44093322753906
0.2,0.65,0.15000000000000002,0.19999999999999996,True,147,29,96,22,29,500,241.28103637695312,7.636744499206543,240.67273712158203,251.19859924316407,254.61724700927735,275.5371398925781,221.99183654785156
0.2,0.65,0.2,0.14999999999999997,True,147,29,96,29,22,500,255.3905487060547,8.225065231323242,254.82772064208984,266.11461181640624,269.3351715087891,285.3235778808594,238.05120849609375
0.2,0.65,0.25,0.09999999999999998,True,147,29,96,37,14,500,270.5487365722656,8.541792869567871,269.6866912841797,281.8914276123047,286.4786804199219,295.9957580566406,249.11520385742188
0.2,0.65,0.30000000000000004,0.04999999999999993,True,147,29,96,44,7,500,285.3513488769531,7.978419780731201,285.18467712402344,295.4199951171875,298.8942428588867,316.9146728515625,260.8916931152344
0.2,0.65,0.35000000000000003,0.0,True,147,29,96,51,0,500,298.409423828125,8.066549301147461,297.7977294921875,309.0618835449219,312.7815963745117,326.3338317871094,276.9452819824219
0.2,0.7000000000000001,0.0,0.29999999999999993,True,147,29,103,0,44,500,204.9827880859375,7.114993572235107,204.37325286865234,214.74119567871094,217.6696578979492,230.78665161132812,186.4530029296875
0.2,0.7000000000000001,0.05,0.24999999999999994,True,147,29,103,7,37,500,219.06617736816406,7.6985602378845215,218.62135314941406,229.2239944458008,232.2147605895996,256.6831359863281,201.68508911132812
0.2,0.7000000000000001,0.1,0.19999999999999993,True,147,29,103,15,29,500,234.60183715820312,8.01467514038086,233.65369415283203,245.3438720703125,248.95678100585937,261.01904296875,218.255615234375
0.2,0.7000000000000001,0.15000000000000002,0.1499999999999999,True,147,29,103,22,22,500,249.12506103515625,7.816633224487305,248.4262237548828,259.03436584472655,262.6605850219726,273.56134033203125,229.18850708007812
0.2,0.7000000000000001,0.2,0.09999999999999992,True,147,29,103,29,15,500,262.99957275390625,8.025562286376953,262.94061279296875,272.4614685058594,276.6007476806641,289.6142272949219,238.11013793945312
0.2,0.7000000000000001,0.25,0.04999999999999993,True,147,29,103,37,7,500,278.96905517578125,7.975367069244385,278.4930419921875,289.5321807861328,293.3014144897461,300.9511413574219,259.7655334472656
0.2,0.7000000000000001,0.30000000000000004,0.0,True,147,29,103,44,0,500,292.9390563964844,8.856776237487793,292.8909606933594,304.3475616455078,307.80685577392575,322.330810546875,264.296142578125
0.2,0.75,0.0,0.25,True,147,29,110,0,37,500,213.0892791748047,7.278895854949951,213.11228942871094,222.21160736083985,225.4974807739258,246.63821411132812,194.11021423339844
0.2,0.75,0.05,0.2,True,147,29,110,7,30,500,226.16090393066406,7.221853256225586,226.07975006103516,234.9202392578125,238.38621978759764,254.501953125,206.34075927734375
0.2,0.75,0.1,0.15,True,147,29,110,15,22,500,242.70413208007812,8.194233894348145,241.76216888427734,253.78448028564455,257.00806579589846,270.1900634765625,219.26141357421875
0.2,0.75,0.15000000000000002,0.09999999999999998,True,147,29,110,22,15,500,256.83331298828125,7.685924530029297,256.6253662109375,266.8550262451172,270.2999954223633,285.630126953125,230.82369995117188
0.2,0.75,0.2,0.04999999999999999,True,147,29,110,29,8,500,270.6947021484375,8.021831512451172,270.20703125,281.9488800048828,283.9841934204102,297.6482849121094,252.21746826171875
0.2,0.75,0.25,0.0,True,147,29,110,37,0,500,286.44561767578125,8.174905776977539,285.57054138183594,297.21250305175784,300.4118927001953,314.660888671875,259.57220458984375
0.2,0.8,0.0,0.19999999999999996,True,147,29,118,0,29,500,221.53260803222656,7.207195281982422,221.064208984375,230.83067474365234,234.45253143310546,248.49180603027344,203.55923461914062
0.2,0.8,0.05,0.14999999999999997,True,147,29,118,7,22,500,235.7334442138672,7.517288684844971,235.27521514892578,244.42618560791016,249.77884368896483,262.1491394042969,214.45814514160156
0.2,0.8,0.1,0.09999999999999995,True,147,29,118,15,14,500,251.3795928955078,7.374718189239502,251.03805541992188,261.4666778564453,264.0550827026367,282.7759094238281,234.94680786132812
0.2,0.8,0.15000000000000002,0.04999999999999993,True,147,29,118,22,7,500,265.1042175292969,7.895173072814941,264.45909118652344,275.9098358154297,279.32531280517577,295.7999267578125,241.0945587158203
0.2,0.8,0.2,0.0,True,147,29,118,29,0,500,279.37286376953125,8.011072158813477,279.00782775878906,289.09177551269534,292.6085922241211,311.1204528808594,258.890869140625
0.2,0.8500000000000001,0.0,0.1499999999999999,True,147,29,125,0,22,500,229.20281982421875,7.106835842132568,228.7556915283203,238.48739318847657,241.65677642822266,250.47889709472656,207.30491638183594
0.2,0.8500000000000001,0.05,0.09999999999999991,True,147,29,125,7,15,500,243.34266662597656,7.343937873840332,242.57616424560547,253.37540740966796,255.8852508544922,266.89935302734375,219.69717407226562
0.2,0.8500000000000001,0.1,0.049999999999999906,True,147,29,125,15,7,500,259.4978332519531,8.031538009643555,259.01991271972656,270.08673095703125,273.7631637573242,290.82965087890625,239.16888427734375
0.2,0.8500000000000001,0.15000000000000002,0.0,True,147,29,125,22,0,500,273.6133117675781,8.084643363952637,273.3174591064453,283.9557861328125,286.12784271240236,300.9551086425781,251.2516326904297
0.2,0.9,0.0,0.09999999999999998,True,147,29,132,0,15,500,237.49937438964844,7.5570068359375,236.70968627929688,247.7287826538086,250.34154891967773,263.8778076171875,220.76828002929688
0.2,0.9,0.05,0.049999999999999975,True,147,29,132,7,8,500,251.17784118652344,7.5771026611328125,250.4178695678711,260.6247985839844,264.3386917114258,276.9762878417969,226.30718994140625
0.2,0.9,0.1,0.0,True,147,29,132,15,0,500,266.3902587890625,7.093461990356445,265.8678436279297,275.7456451416016,278.62727508544924,299.35150146484375,246.7073974609375
0.2,0.9500000000000001,0.0,0.04999999999999993,True,147,29,140,0,7,500,245.72325134277344,7.90745735168457,245.0544662475586,256.35988159179686,260.6253387451172,276.9060974121094,223.16351318359375
0.2,0.9500000000000001,0.05,0.0,True,147,29,140,7,0,500,259.6998291015625,7.550025463104248,258.9575500488281,270.3927368164062,273.335205078125,290.0555419921875,244.25332641601562
0.2,1.0,0.0,0.0,True,147,29,147,0,0,500,253.7205810546875,7.368509292602539,253.10655975341797,263.17026977539064,266.12927703857423,278.11773681640625,236.9991455078125
