run,peak_electricity_kw,demand_target,source_columns,source_file,cumulative_avg_peak_kw
1,8.184190476190476,Dwelling 55,elec_kw_dwelling_55,E:\GitHubProjects\LV network\Output Data\Convergence Plot\mc_run_01.csv,8.184190476190476
2,6.791990476190476,Dwelling 55,elec_kw_dwelling_55,E:\GitHubProjects\LV network\Output Data\Convergence Plot\mc_run_02.csv,7.488090476190476
3,7.8445238095238095,Dwelling 55,elec_kw_dwelling_55,E:\GitHubProjects\LV network\Output Data\Convergence Plot\mc_run_03.csv,7.606901587301587
4,7.5008904761904756,Dwelling 55,elec_kw_dwelling_55,E:\GitHubProjects\LV network\Output Data\Convergence Plot\mc_run_04.csv,7.5803988095238095
5,7.506757142857143,Dwelling 55,elec_kw_dwelling_55,E:\GitHubProjects\LV network\Output Data\Convergence Plot\mc_run_05.csv,7.565670476190476
6,6.605723809523809,Dwelling 55,elec_kw_dwelling_55,E:\GitHubProjects\LV network\Output Data\Convergence Plot\mc_run_06.csv,7.405679365079365
7,6.390723809523809,Dwelling 55,elec_kw_dwelling_55,E:\GitHubProjects\LV network\Output Data\Convergence Plot\mc_run_07.csv,7.260685714285714
8,7.18812380952381,Dwelling 55,elec_kw_dwelling_55,E:\GitHubProjects\LV network\Output Data\Convergence Plot\mc_run_08.csv,7.2516154761904765
9,6.638357142857143,Dwelling 55,elec_kw_dwelling_55,E:\GitHubProjects\LV network\Output Data\Convergence Plot\mc_run_09.csv,7.183475661375662
10,6.547323809523809,Dwelling 55,elec_kw_dwelling_55,E:\GitHubProjects\LV network\Output Data\Convergence Plot\mc_run_10.csv,7.1198604761904765
11,8.222790476190475,Dwelling 55,elec_kw_dwelling_55,E:\GitHubProjects\LV network\Output Data\Convergence Plot\mc_run_11.csv,7.220126839826841
12,6.541757142857143,Dwelling 55,elec_kw_dwelling_55,E:\GitHubProjects\LV network\Output Data\Convergence Plot\mc_run_12.csv,7.163596031746032
13,7.3788238095238095,Dwelling 55,elec_kw_dwelling_55,E:\GitHubProjects\LV network\Output Data\Convergence Plot\mc_run_13.csv,7.180152014652014
14,7.932857142857143,Dwelling 55,elec_kw_dwelling_55,E:\GitHubProjects\LV network\Output Data\Convergence Plot\mc_run_14.csv,7.2339166666666666
15,7.189057142857143,Dwelling 55,elec_kw_dwelling_55,E:\GitHubProjects\LV network\Output Data\Convergence Plot\mc_run_15.csv,7.230926031746032
16,8.222790476190475,Dwelling 55,elec_kw_dwelling_55,E:\GitHubProjects\LV network\Output Data\Convergence Plot\mc_run_16.csv,7.29291755952381
17,6.474523809523809,Dwelling 55,elec_kw_dwelling_55,E:\GitHubProjects\LV network\Output Data\Convergence Plot\mc_run_17.csv,7.24477675070028
18,6.553257142857143,Dwelling 55,elec_kw_dwelling_55,E:\GitHubProjects\LV network\Output Data\Convergence Plot\mc_run_18.csv,7.206358994708994
19,6.476290476190476,Dwelling 55,elec_kw_dwelling_55,E:\GitHubProjects\LV network\Output Data\Convergence Plot\mc_run_19.csv,7.167934335839599
20,6.732257142857143,Dwelling 55,elec_kw_dwelling_55,E:\GitHubProjects\LV network\Output Data\Convergence Plot\mc_run_20.csv,7.146150476190476
21,8.463357142857143,Dwelling 55,elec_kw_dwelling_55,E:\GitHubProjects\LV network\Output Data\Convergence Plot\mc_run_21.csv,7.208874603174603
22,8.863190476190475,Dwelling 55,elec_kw_dwelling_55,E:\GitHubProjects\LV network\Output Data\Convergence Plot\mc_run_22.csv,7.284070779220778
23,10.166790476190476,Dwelling 55,elec_kw_dwelling_55,E:\GitHubProjects\LV network\Output Data\Convergence Plot\mc_run_23.csv,7.409406418219462
24,7.349757142857143,Dwelling 55,elec_kw_dwelling_55,E:\GitHubProjects\LV network\Output Data\Convergence Plot\mc_run_24.csv,7.406921031746031
25,7.10912380952381,Dwelling 55,elec_kw_dwelling_55,E:\GitHubProjects\LV network\Output Data\Convergence Plot\mc_run_25.csv,7.395009142857143
26,7.467390476190476,Dwelling 55,elec_kw_dwelling_55,E:\GitHubProjects\LV network\Output Data\Convergence Plot\mc_run_26.csv,7.39779304029304
27,7.9874238095238095,Dwelling 55,elec_kw_dwelling_55,E:\GitHubProjects\LV network\Output Data\Convergence Plot\mc_run_27.csv,7.419631216931216
28,7.3697904761904764,Dwelling 55,elec_kw_dwelling_55,E:\GitHubProjects\LV network\Output Data\Convergence Plot\mc_run_28.csv,7.417851190476191
29,8.166557142857142,Dwelling 55,elec_kw_dwelling_55,E:\GitHubProjects\LV network\Output Data\Convergence Plot\mc_run_29.csv,7.443668637110016
30,7.137957142857143,Dwelling 55,elec_kw_dwelling_55,E:\GitHubProjects\LV network\Output Data\Convergence Plot\mc_run_30.csv,7.4334782539682545
31,8.561257142857142,Dwelling 55,elec_kw_dwelling_55,E:\GitHubProjects\LV network\Output Data\Convergence Plot\mc_run_31.csv,7.469858218125959
32,7.318690476190476,Dwelling 55,elec_kw_dwelling_55,E:\GitHubProjects\LV network\Output Data\Convergence Plot\mc_run_32.csv,7.465134226190476
33,7.848257142857143,Dwelling 55,elec_kw_dwelling_55,E:\GitHubProjects\LV network\Output Data\Convergence Plot\mc_run_33.csv,7.476744011544011
34,8.92332380952381,Dwelling 55,elec_kw_dwelling_55,E:\GitHubProjects\LV network\Output Data\Convergence Plot\mc_run_34.csv,7.519290476190476
35,6.751190476190477,Dwelling 55,elec_kw_dwelling_55,E:\GitHubProjects\LV network\Output Data\Convergence Plot\mc_run_35.csv,7.4973447619047615
36,9.739857142857144,Dwelling 55,elec_kw_dwelling_55,E:\GitHubProjects\LV network\Output Data\Convergence Plot\mc_run_36.csv,7.559636772486773
37,6.712057142857143,Dwelling 55,elec_kw_dwelling_55,E:\GitHubProjects\LV network\Output Data\Convergence Plot\mc_run_37.csv,7.536729214929214
38,6.364057142857143,Dwelling 55,elec_kw_dwelling_55,E:\GitHubProjects\LV network\Output Data\Convergence Plot\mc_run_38.csv,7.505869423558898
39,8.586857142857143,Dwelling 55,elec_kw_dwelling_55,E:\GitHubProjects\LV network\Output Data\Convergence Plot\mc_run_39.csv,7.533587057387058
40,6.997757142857143,Dwelling 55,elec_kw_dwelling_55,E:\GitHubProjects\LV network\Output Data\Convergence Plot\mc_run_40.csv,7.52019130952381
41,6.459390476190476,Dwelling 55,elec_kw_dwelling_55,E:\GitHubProjects\LV network\Output Data\Convergence Plot\mc_run_41.csv,7.494318118466899
42,6.549057142857143,Dwelling 55,elec_kw_dwelling_55,E:\GitHubProjects\LV network\Output Data\Convergence Plot\mc_run_42.csv,7.471811904761905
43,6.449357142857143,Dwelling 55,elec_kw_dwelling_55,E:\GitHubProjects\LV network\Output Data\Convergence Plot\mc_run_43.csv,7.44803388704319
44,6.417590476190476,Dwelling 55,elec_kw_dwelling_55,E:\GitHubProjects\LV network\Output Data\Convergence Plot\mc_run_44.csv,7.424614718614719
45,7.883457142857143,Dwelling 55,elec_kw_dwelling_55,E:\GitHubProjects\LV network\Output Data\Convergence Plot\mc_run_45.csv,7.434811216931217
46,6.464057142857143,Dwelling 55,elec_kw_dwelling_55,E:\GitHubProjects\LV network\Output Data\Convergence Plot\mc_run_46.csv,7.413707867494824
47,6.368390476190476,Dwelling 55,elec_kw_dwelling_55,E:\GitHubProjects\LV network\Output Data\Convergence Plot\mc_run_47.csv,7.391467071935157
48,10.166790476190476,Dwelling 55,elec_kw_dwelling_55,E:\GitHubProjects\LV network\Output Data\Convergence Plot\mc_run_48.csv,7.44928630952381
49,6.552790476190476,Dwelling 55,elec_kw_dwelling_55,E:\GitHubProjects\LV network\Output Data\Convergence Plot\mc_run_49.csv,7.430990476190477
50,7.120757142857142,Dwelling 55,elec_kw_dwelling_55,E:\GitHubProjects\LV network\Output Data\Convergence Plot\mc_run_50.csv,7.42478580952381
51,7.848257142857143,Dwelling 55,elec_kw_dwelling_55,E:\GitHubProjects\LV network\Output Data\Convergence Plot\mc_run_51.csv,7.433089169000933
52,6.327190476190476,Dwelling 55,elec_kw_dwelling_55,E:\GitHubProjects\LV network\Output Data\Convergence Plot\mc_run_52.csv,7.411821886446886
53,9.087623809523809,Dwelling 55,elec_kw_dwelling_55,E:\GitHubProjects\LV network\Output Data\Convergence Plot\mc_run_53.csv,7.4434407906558855
54,6.480490476190476,Dwelling 55,elec_kw_dwelling_55,E:\GitHubProjects\LV network\Output Data\Convergence Plot\mc_run_54.csv,7.4256083774250445
55,6.549057142857143,Dwelling 55,elec_kw_dwelling_55,E:\GitHubProjects\LV network\Output Data\Convergence Plot\mc_run_55.csv,7.409671082251083
56,7.8445238095238095,Dwelling 55,elec_kw_dwelling_55,E:\GitHubProjects\LV network\Output Data\Convergence Plot\mc_run_56.csv,7.41743630952381
57,7.3788238095238095,Dwelling 55,elec_kw_dwelling_55,E:\GitHubProjects\LV network\Output Data\Convergence Plot\mc_run_57.csv,7.416758897243108
58,8.744523809523809,Dwelling 55,elec_kw_dwelling_55,E:\GitHubProjects\LV network\Output Data\Convergence Plot\mc_run_58.csv,7.4396513957307056
59,9.071457142857142,Dwelling 55,elec_kw_dwelling_55,E:\GitHubProjects\LV network\Output Data\Convergence Plot\mc_run_59.csv,7.467309120258272
60,7.434890476190477,Dwelling 55,elec_kw_dwelling_55,E:\GitHubProjects\LV network\Output Data\Convergence Plot\mc_run_60.csv,7.46676880952381
61,7.352223809523809,Dwelling 55,elec_kw_dwelling_55,E:\GitHubProjects\LV network\Output Data\Convergence Plot\mc_run_61.csv,7.464891022638564
62,8.39112380952381,Dwelling 55,elec_kw_dwelling_55,E:\GitHubProjects\LV network\Output Data\Convergence Plot\mc_run_62.csv,7.479830261136713
63,7.617223809523809,Dwelling 55,elec_kw_dwelling_55,E:\GitHubProjects\LV network\Output Data\Convergence Plot\mc_run_63.csv,7.4820111111111105
64,7.122057142857143,Dwelling 55,elec_kw_dwelling_55,E:\GitHubProjects\LV network\Output Data\Convergence Plot\mc_run_64.csv,7.476386830357143
65,7.189057142857143,Dwelling 55,elec_kw_dwelling_55,E:\GitHubProjects\LV network\Output Data\Convergence Plot\mc_run_65.csv,7.4719663736263735
66,6.725490476190476,Dwelling 55,elec_kw_dwelling_55,E:\GitHubProjects\LV network\Output Data\Convergence Plot\mc_run_66.csv,7.4606561327561325
67,8.533057142857142,Dwelling 55,elec_kw_dwelling_55,E:\GitHubProjects\LV network\Output Data\Convergence Plot\mc_run_67.csv,7.476662117981521
68,7.288557142857143,Dwelling 55,elec_kw_dwelling_55,E:\GitHubProjects\LV network\Output Data\Convergence Plot\mc_run_68.csv,7.473895868347339
69,8.463357142857143,Dwelling 55,elec_kw_dwelling_55,E:\GitHubProjects\LV network\Output Data\Convergence Plot\mc_run_69.csv,7.488235886818496
70,8.184190476190476,Dwelling 55,elec_kw_dwelling_55,E:\GitHubProjects\LV network\Output Data\Convergence Plot\mc_run_70.csv,7.498178095238096
71,7.001890476190476,Dwelling 55,elec_kw_dwelling_55,E:\GitHubProjects\LV network\Output Data\Convergence Plot\mc_run_71.csv,7.491188128772635
72,8.627290476190476,Dwelling 55,elec_kw_dwelling_55,E:\GitHubProjects\LV network\Output Data\Convergence Plot\mc_run_72.csv,7.506967328042328
73,7.404957142857143,Dwelling 55,elec_kw_dwelling_55,E:\GitHubProjects\LV network\Output Data\Convergence Plot\mc_run_73.csv,7.50556992824527
74,10.166790476190476,Dwelling 55,elec_kw_dwelling_55,E:\GitHubProjects\LV network\Output Data\Convergence Plot\mc_run_74.csv,7.541532368082368
75,7.341790476190476,Dwelling 55,elec_kw_dwelling_55,E:\GitHubProjects\LV network\Output Data\Convergence Plot\mc_run_75.csv,7.538869142857143
76,8.178390476190476,Dwelling 55,elec_kw_dwelling_55,E:\GitHubProjects\LV network\Output Data\Convergence Plot\mc_run_76.csv,7.5472838972431076
77,6.996190476190476,Dwelling 55,elec_kw_dwelling_55,E:\GitHubProjects\LV network\Output Data\Convergence Plot\mc_run_77.csv,7.540126839826841
78,7.94798092341336,Dwelling 55,elec_kw_dwelling_55,E:\GitHubProjects\LV network\Output Data\Convergence Plot\mc_run_78.csv,7.545355738334359
79,6.542357142857143,Dwelling 55,elec_kw_dwelling_55,E:\GitHubProjects\LV network\Output Data\Convergence Plot\mc_run_79.csv,7.532659553581483
80,7.630023809523809,Dwelling 55,elec_kw_dwelling_55,E:\GitHubProjects\LV network\Output Data\Convergence Plot\mc_run_80.csv,7.533876606780763
81,8.186257142857142,Dwelling 55,elec_kw_dwelling_55,E:\GitHubProjects\LV network\Output Data\Convergence Plot\mc_run_81.csv,7.541930687473063
82,9.655057142857142,Dwelling 55,elec_kw_dwelling_55,E:\GitHubProjects\LV network\Output Data\Convergence Plot\mc_run_82.csv,7.56770052229482
83,7.539457142857143,Dwelling 55,elec_kw_dwelling_55,E:\GitHubProjects\LV network\Output Data\Convergence Plot\mc_run_83.csv,7.567360240614848
84,6.627957142857143,Dwelling 55,elec_kw_dwelling_55,E:\GitHubProjects\LV network\Output Data\Convergence Plot\mc_run_84.csv,7.556176870403446
85,6.782523809523809,Dwelling 55,elec_kw_dwelling_55,E:\GitHubProjects\LV network\Output Data\Convergence Plot\mc_run_85.csv,7.5470750696872155
86,6.5941238095238095,Dwelling 55,elec_kw_dwelling_55,E:\GitHubProjects\LV network\Output Data\Convergence Plot\mc_run_86.csv,7.535994241080664
87,8.151190476190475,Dwelling 55,elec_kw_dwelling_55,E:\GitHubProjects\LV network\Output Data\Convergence Plot\mc_run_87.csv,7.543065462173881
88,7.226423809523809,Dwelling 55,elec_kw_dwelling_55,E:\GitHubProjects\LV network\Output Data\Convergence Plot\mc_run_88.csv,7.5394672615755844
89,8.074523809523809,Dwelling 55,elec_kw_dwelling_55,E:\GitHubProjects\LV network\Output Data\Convergence Plot\mc_run_89.csv,7.545479132900846
90,8.205557142857142,Dwelling 55,elec_kw_dwelling_55,E:\GitHubProjects\LV network\Output Data\Convergence Plot\mc_run_90.csv,7.55281333301147
91,8.46532380952381,Dwelling 55,elec_kw_dwelling_55,E:\GitHubProjects\LV network\Output Data\Convergence Plot\mc_run_91.csv,7.562840920665453
92,7.523490476190476,Dwelling 55,elec_kw_dwelling_55,E:\GitHubProjects\LV network\Output Data\Convergence Plot\mc_run_92.csv,7.562413198442898
93,7.068857142857143,Dwelling 55,elec_kw_dwelling_55,E:\GitHubProjects\LV network\Output Data\Convergence Plot\mc_run_93.csv,7.557106144081761
94,6.497590476190476,Dwelling 55,elec_kw_dwelling_55,E:\GitHubProjects\LV network\Output Data\Convergence Plot\mc_run_94.csv,7.545834700806323
95,6.660057142857143,Dwelling 55,elec_kw_dwelling_55,E:\GitHubProjects\LV network\Output Data\Convergence Plot\mc_run_95.csv,7.5365107265121205
96,7.83862380952381,Dwelling 55,elec_kw_dwelling_55,E:\GitHubProjects\LV network\Output Data\Convergence Plot\mc_run_96.csv,7.539657737793493
97,7.431990476190476,Dwelling 55,elec_kw_dwelling_55,E:\GitHubProjects\LV network\Output Data\Convergence Plot\mc_run_97.csv,7.538547766024389
98,8.71852380952381,Dwelling 55,elec_kw_dwelling_55,E:\GitHubProjects\LV network\Output Data\Convergence Plot\mc_run_98.csv,7.550588337896833
99,8.874657142857142,Dwelling 55,elec_kw_dwelling_55,E:\GitHubProjects\LV network\Output Data\Convergence Plot\mc_run_99.csv,7.563962770270169
100,7.18812380952381,Dwelling 55,elec_kw_dwelling_55,E:\GitHubProjects\LV network\Output Data\Convergence Plot\mc_run_100.csv,7.560204380662705
101,8.53712380952381,Dwelling 55,elec_kw_dwelling_55,E:\GitHubProjects\LV network\Output Data\Convergence Plot\mc_run_101.csv,7.5698768502553895
102,6.490123809523809,Dwelling 55,elec_kw_dwelling_55,E:\GitHubProjects\LV network\Output Data\Convergence Plot\mc_run_102.csv,7.55929103613057
103,7.539457142857143,Dwelling 55,elec_kw_dwelling_55,E:\GitHubProjects\LV network\Output Data\Convergence Plot\mc_run_103.csv,7.5590984740599545
104,6.487757142857143,Dwelling 55,elec_kw_dwelling_55,E:\GitHubProjects\LV network\Output Data\Convergence Plot\mc_run_104.csv,7.5487971151060815
105,7.389957142857143,Dwelling 55,elec_kw_dwelling_55,E:\GitHubProjects\LV network\Output Data\Convergence Plot\mc_run_105.csv,7.547284353465615
106,7.699390476190477,Dwelling 55,elec_kw_dwelling_55,E:\GitHubProjects\LV network\Output Data\Convergence Plot\mc_run_106.csv,7.548719316887547
107,7.530790476190476,Dwelling 55,elec_kw_dwelling_55,E:\GitHubProjects\LV network\Output Data\Convergence Plot\mc_run_107.csv,7.5485517576286965
108,6.390990476190476,Dwelling 55,elec_kw_dwelling_55,E:\GitHubProjects\LV network\Output Data\Convergence Plot\mc_run_108.csv,7.537833597615379
109,6.791990476190476,Dwelling 55,elec_kw_dwelling_55,E:\GitHubProjects\LV network\Output Data\Convergence Plot\mc_run_109.csv,7.530991000171114
110,7.8163238095238095,Dwelling 55,elec_kw_dwelling_55,E:\GitHubProjects\LV network\Output Data\Convergence Plot\mc_run_110.csv,7.533584934801594
111,7.617223809523809,Dwelling 55,elec_kw_dwelling_55,E:\GitHubProjects\LV network\Output Data\Convergence Plot\mc_run_111.csv,7.534338438177469
112,8.874657142857142,Dwelling 55,elec_kw_dwelling_55,E:\GitHubProjects\LV network\Output Data\Convergence Plot\mc_run_112.csv,7.5463055694692525
113,6.3921238095238095,Dwelling 55,elec_kw_dwelling_55,E:\GitHubProjects\LV network\Output Data\Convergence Plot\mc_run_113.csv,7.536091571593629
114,8.92332380952381,Dwelling 55,elec_kw_dwelling_55,E:\GitHubProjects\LV network\Output Data\Convergence Plot\mc_run_114.csv,7.548260275435122
115,7.256590476190476,Dwelling 55,elec_kw_dwelling_55,E:\GitHubProjects\LV network\Output Data\Convergence Plot\mc_run_115.csv,7.545724016311255
116,8.194457142857143,Dwelling 55,elec_kw_dwelling_55,E:\GitHubProjects\LV network\Output Data\Convergence Plot\mc_run_116.csv,7.551316543264237
117,6.655757142857143,Dwelling 55,elec_kw_dwelling_55,E:\GitHubProjects\LV network\Output Data\Convergence Plot\mc_run_117.csv,7.543662189414603
118,9.673257142857144,Dwelling 55,elec_kw_dwelling_55,E:\GitHubProjects\LV network\Output Data\Convergence Plot\mc_run_118.csv,7.561709604274286
119,8.586857142857143,Dwelling 55,elec_kw_dwelling_55,E:\GitHubProjects\LV network\Output Data\Convergence Plot\mc_run_119.csv,7.570324289472461
120,8.151190476190475,Dwelling 55,elec_kw_dwelling_55,E:\GitHubProjects\LV network\Output Data\Convergence Plot\mc_run_120.csv,7.575164841028444
121,6.49152380952381,Dwelling 55,elec_kw_dwelling_55,E:\GitHubProjects\LV network\Output Data\Convergence Plot\mc_run_121.csv,7.566209130024275
122,8.151190476190475,Dwelling 55,elec_kw_dwelling_55,E:\GitHubProjects\LV network\Output Data\Convergence Plot\mc_run_122.csv,7.57100405909121
123,7.888390476190477,Dwelling 55,elec_kw_dwelling_55,E:\GitHubProjects\LV network\Output Data\Convergence Plot\mc_run_123.csv,7.5735844364660005
124,6.41482380952381,Dwelling 55,elec_kw_dwelling_55,E:\GitHubProjects\LV network\Output Data\Convergence Plot\mc_run_124.csv,7.564239592700338
125,7.404290476190476,Dwelling 55,elec_kw_dwelling_55,E:\GitHubProjects\LV network\Output Data\Convergence Plot\mc_run_125.csv,7.562959999768259
126,6.5495238095238095,Dwelling 55,elec_kw_dwelling_55,E:\GitHubProjects\LV network\Output Data\Convergence Plot\mc_run_126.csv,7.55491685540124
127,6.43242380952381,Dwelling 55,elec_kw_dwelling_55,E:\GitHubProjects\LV network\Output Data\Convergence Plot\mc_run_127.csv,7.546078327480945
128,6.535923809523809,Dwelling 55,elec_kw_dwelling_55,E:\GitHubProjects\LV network\Output Data\Convergence Plot\mc_run_128.csv,7.538186495309405
129,7.348857142857143,Dwelling 55,elec_kw_dwelling_55,E:\GitHubProjects\LV network\Output Data\Convergence Plot\mc_run_129.csv,7.53671882591055
130,6.750457142857143,Dwelling 55,elec_kw_dwelling_55,E:\GitHubProjects\LV network\Output Data\Convergence Plot\mc_run_130.csv,7.530670659117831
131,7.3697904761904764,Dwelling 55,elec_kw_dwelling_55,E:\GitHubProjects\LV network\Output Data\Convergence Plot\mc_run_131.csv,7.529442566118386
132,6.485157142857143,Dwelling 55,elec_kw_dwelling_55,E:\GitHubProjects\LV network\Output Data\Convergence Plot\mc_run_132.csv,7.521531312911861
133,7.137757142857143,Dwelling 55,elec_kw_dwelling_55,E:\GitHubProjects\LV network\Output Data\Convergence Plot\mc_run_133.csv,7.518645792836262
134,7.256123809523809,Dwelling 55,elec_kw_dwelling_55,E:\GitHubProjects\LV network\Output Data\Convergence Plot\mc_run_134.csv,7.516686673557811
135,7.39162380952381,Dwelling 55,elec_kw_dwelling_55,E:\GitHubProjects\LV network\Output Data\Convergence Plot\mc_run_135.csv,7.515760281972374
136,9.673257142857144,Dwelling 55,elec_kw_dwelling_55,E:\GitHubProjects\LV network\Output Data\Convergence Plot\mc_run_136.csv,7.53162422947888
137,7.223057142857143,Dwelling 55,elec_kw_dwelling_55,E:\GitHubProjects\LV network\Output Data\Convergence Plot\mc_run_137.csv,7.5293719149779905
138,7.932857142857143,Dwelling 55,elec_kw_dwelling_55,E:\GitHubProjects\LV network\Output Data\Convergence Plot\mc_run_138.csv,7.532295720977116
139,7.263690476190476,Dwelling 55,elec_kw_dwelling_55,E:\GitHubProjects\LV network\Output Data\Convergence Plot\mc_run_139.csv,7.530363309144119
140,7.263690476190476,Dwelling 55,elec_kw_dwelling_55,E:\GitHubProjects\LV network\Output Data\Convergence Plot\mc_run_140.csv,7.528458503194448
141,7.59012380952381,Dwelling 55,elec_kw_dwelling_55,E:\GitHubProjects\LV network\Output Data\Convergence Plot\mc_run_141.csv,7.52889584579253
142,8.924457142857143,Dwelling 55,elec_kw_dwelling_55,E:\GitHubProjects\LV network\Output Data\Convergence Plot\mc_run_142.csv,7.538723742250731
143,7.273857142857143,Dwelling 55,elec_kw_dwelling_55,E:\GitHubProjects\LV network\Output Data\Convergence Plot\mc_run_143.csv,7.536871528268958
144,7.59012380952381,Dwelling 55,elec_kw_dwelling_55,E:\GitHubProjects\LV network\Output Data\Convergence Plot\mc_run_144.csv,7.537241335777671
145,7.27612380952381,Dwelling 55,elec_kw_dwelling_55,E:\GitHubProjects\LV network\Output Data\Convergence Plot\mc_run_145.csv,7.535440525251783
146,7.349757142857143,Dwelling 55,elec_kw_dwelling_55,E:\GitHubProjects\LV network\Output Data\Convergence Plot\mc_run_146.csv,7.5341687212627795
147,8.463357142857143,Dwelling 55,elec_kw_dwelling_55,E:\GitHubProjects\LV network\Output Data\Convergence Plot\mc_run_147.csv,7.540489730933489
148,7.114290476190476,Dwelling 55,elec_kw_dwelling_55,E:\GitHubProjects\LV network\Output Data\Convergence Plot\mc_run_148.csv,7.537610006239279
149,6.814957142857143,Dwelling 55,elec_kw_dwelling_55,E:\GitHubProjects\LV network\Output Data\Convergence Plot\mc_run_149.csv,7.53275998702195
150,7.506757142857143,Dwelling 55,elec_kw_dwelling_55,E:\GitHubProjects\LV network\Output Data\Convergence Plot\mc_run_150.csv,7.532586634727518
151,9.172190476190476,Dwelling 55,elec_kw_dwelling_55,E:\GitHubProjects\LV network\Output Data\Convergence Plot\mc_run_151.csv,7.543444938313366
152,7.4259571428571425,Dwelling 55,elec_kw_dwelling_55,E:\GitHubProjects\LV network\Output Data\Convergence Plot\mc_run_152.csv,7.542671992290626
153,7.434890476190477,Dwelling 55,elec_kw_dwelling_55,E:\GitHubProjects\LV network\Output Data\Convergence Plot\mc_run_153.csv,7.541967537937031
154,7.699390476190477,Dwelling 55,elec_kw_dwelling_55,E:\GitHubProjects\LV network\Output Data\Convergence Plot\mc_run_154.csv,7.542989764808806
155,6.46942380952381,Dwelling 55,elec_kw_dwelling_55,E:\GitHubProjects\LV network\Output Data\Convergence Plot\mc_run_155.csv,7.5360635328392265
156,7.651090476190475,Dwelling 55,elec_kw_dwelling_55,E:\GitHubProjects\LV network\Output Data\Convergence Plot\mc_run_156.csv,7.536800885040195
157,6.36082380952381,Dwelling 55,elec_kw_dwelling_55,E:\GitHubProjects\LV network\Output Data\Convergence Plot\mc_run_157.csv,7.529310585196143
158,6.608657142857143,Dwelling 55,elec_kw_dwelling_55,E:\GitHubProjects\LV network\Output Data\Convergence Plot\mc_run_158.csv,7.523483664675009
159,7.545457142857143,Dwelling 55,elec_kw_dwelling_55,E:\GitHubProjects\LV network\Output Data\Convergence Plot\mc_run_159.csv,7.523621862650998
160,7.65912380952381,Dwelling 55,elec_kw_dwelling_55,E:\GitHubProjects\LV network\Output Data\Convergence Plot\mc_run_160.csv,7.524468749818952
161,8.166557142857142,Dwelling 55,elec_kw_dwelling_55,E:\GitHubProjects\LV network\Output Data\Convergence Plot\mc_run_161.csv,7.528456876483786
162,7.854390476190476,Dwelling 55,elec_kw_dwelling_55,E:\GitHubProjects\LV network\Output Data\Convergence Plot\mc_run_162.csv,7.530468812284445
163,7.65912380952381,Dwelling 55,elec_kw_dwelling_55,E:\GitHubProjects\LV network\Output Data\Convergence Plot\mc_run_163.csv,7.531258106746035
164,7.012090476190476,Dwelling 55,elec_kw_dwelling_55,E:\GitHubProjects\LV network\Output Data\Convergence Plot\mc_run_164.csv,7.528092450462161
165,6.439657142857143,Dwelling 55,elec_kw_dwelling_55,E:\GitHubProjects\LV network\Output Data\Convergence Plot\mc_run_165.csv,7.521495872840311
166,6.541757142857143,Dwelling 55,elec_kw_dwelling_55,E:\GitHubProjects\LV network\Output Data\Convergence Plot\mc_run_166.csv,7.5155938322982445
167,9.087623809523809,Dwelling 55,elec_kw_dwelling_55,E:\GitHubProjects\LV network\Output Data\Convergence Plot\mc_run_167.csv,7.5250071854552845
168,6.782523809523809,Dwelling 55,elec_kw_dwelling_55,E:\GitHubProjects\LV network\Output Data\Convergence Plot\mc_run_168.csv,7.5205876415509305
169,8.53712380952381,Dwelling 55,elec_kw_dwelling_55,E:\GitHubProjects\LV network\Output Data\Convergence Plot\mc_run_169.csv,7.5266026484620125
170,8.744523809523809,Dwelling 55,elec_kw_dwelling_55,E:\GitHubProjects\LV network\Output Data\Convergence Plot\mc_run_170.csv,7.533766890585905
171,7.699390476190477,Dwelling 55,elec_kw_dwelling_55,E:\GitHubProjects\LV network\Output Data\Convergence Plot\mc_run_171.csv,7.534735449566049
172,6.576957142857143,Dwelling 55,elec_kw_dwelling_55,E:\GitHubProjects\LV network\Output Data\Convergence Plot\mc_run_172.csv,7.529166971038671
173,7.57992380952381,Dwelling 55,elec_kw_dwelling_55,E:\GitHubProjects\LV network\Output Data\Convergence Plot\mc_run_173.csv,7.529460363168643
174,7.256590476190476,Dwelling 55,elec_kw_dwelling_55,E:\GitHubProjects\LV network\Output Data\Convergence Plot\mc_run_174.csv,7.527892145427389
175,8.71852380952381,Dwelling 55,elec_kw_dwelling_55,E:\GitHubProjects\LV network\Output Data\Convergence Plot\mc_run_175.csv,7.534695754936512
176,7.83862380952381,Dwelling 55,elec_kw_dwelling_55,E:\GitHubProjects\LV network\Output Data\Convergence Plot\mc_run_176.csv,7.536422618883031
177,7.041690476190476,Dwelling 55,elec_kw_dwelling_55,E:\GitHubProjects\LV network\Output Data\Convergence Plot\mc_run_177.csv,7.533627522031661
178,7.122057142857143,Dwelling 55,elec_kw_dwelling_55,E:\GitHubProjects\LV network\Output Data\Convergence Plot\mc_run_178.csv,7.531315328890231
179,6.732257142857143,Dwelling 55,elec_kw_dwelling_55,E:\GitHubProjects\LV network\Output Data\Convergence Plot\mc_run_179.csv,7.526851316677756
180,8.53712380952381,Dwelling 55,elec_kw_dwelling_55,E:\GitHubProjects\LV network\Output Data\Convergence Plot\mc_run_180.csv,7.532463941638011
181,6.552057142857143,Dwelling 55,elec_kw_dwelling_55,E:\GitHubProjects\LV network\Output Data\Convergence Plot\mc_run_181.csv,7.527047329490051
182,7.122057142857143,Dwelling 55,elec_kw_dwelling_55,E:\GitHubProjects\LV network\Output Data\Convergence Plot\mc_run_182.csv,7.524822108684375
183,7.137957142857143,Dwelling 55,elec_kw_dwelling_55,E:\GitHubProjects\LV network\Output Data\Convergence Plot\mc_run_183.csv,7.522708092477668
184,8.18452380952381,Dwelling 55,elec_kw_dwelling_55,E:\GitHubProjects\LV network\Output Data\Convergence Plot\mc_run_184.csv,7.526304917026832
185,7.42562380952381,Dwelling 55,elec_kw_dwelling_55,E:\GitHubProjects\LV network\Output Data\Convergence Plot\mc_run_185.csv,7.525760694824113
186,6.88282380952381,Dwelling 55,elec_kw_dwelling_55,E:\GitHubProjects\LV network\Output Data\Convergence Plot\mc_run_186.csv,7.522304044903144
187,9.087623809523809,Dwelling 55,elec_kw_dwelling_55,E:\GitHubProjects\LV network\Output Data\Convergence Plot\mc_run_187.csv,7.530674738831597
188,8.92332380952381,Dwelling 55,elec_kw_dwelling_55,E:\GitHubProjects\LV network\Output Data\Convergence Plot\mc_run_188.csv,7.538082446654427
189,6.677057142857143,Dwelling 55,elec_kw_dwelling_55,E:\GitHubProjects\LV network\Output Data\Convergence Plot\mc_run_189.csv,7.533526757216347
190,6.47442380952381,Dwelling 55,elec_kw_dwelling_55,E:\GitHubProjects\LV network\Output Data\Convergence Plot\mc_run_190.csv,7.52795253117586
191,8.074523809523809,Dwelling 55,elec_kw_dwelling_55,E:\GitHubProjects\LV network\Output Data\Convergence Plot\mc_run_191.csv,7.53081416090543
192,7.037521072660602,Dwelling 55,elec_kw_dwelling_55,E:\GitHubProjects\LV network\Output Data\Convergence Plot\mc_run_192.csv,7.528244926070822
193,8.166557142857142,Dwelling 55,elec_kw_dwelling_55,E:\GitHubProjects\LV network\Output Data\Convergence Plot\mc_run_193.csv,7.531552243256243
194,7.63062380952381,Dwelling 55,elec_kw_dwelling_55,E:\GitHubProjects\LV network\Output Data\Convergence Plot\mc_run_194.csv,7.53206292143288
195,7.213757142857143,Dwelling 55,elec_kw_dwelling_55,E:\GitHubProjects\LV network\Output Data\Convergence Plot\mc_run_195.csv,7.53043058410685
196,7.176190476190476,Dwelling 55,elec_kw_dwelling_55,E:\GitHubProjects\LV network\Output Data\Convergence Plot\mc_run_196.csv,7.528623236617482
197,7.966057142857143,Dwelling 55,elec_kw_dwelling_55,E:\GitHubProjects\LV network\Output Data\Convergence Plot\mc_run_197.csv,7.530843713298902
198,6.437857142857142,Dwelling 55,elec_kw_dwelling_55,E:\GitHubProjects\LV network\Output Data\Convergence Plot\mc_run_198.csv,7.52532357910475
199,7.83862380952381,Dwelling 55,elec_kw_dwelling_55,E:\GitHubProjects\LV network\Output Data\Convergence Plot\mc_run_199.csv,7.5268979521219315
200,6.399690476190476,Dwelling 55,elec_kw_dwelling_55,E:\GitHubProjects\LV network\Output Data\Convergence Plot\mc_run_200.csv,7.521261914742274
