run_count,bootstrap_p2_5_peak_kw,bootstrap_mean_peak_kw,bootstrap_p97_5_peak_kw,bootstrap_samples,bootstrap_seed
1,7.518273809935112,7.518273809935045,7.518273809935112,5000,42
2,7.056772371720687,7.516693040508006,7.976613709295333,5000,42
3,6.856190433613648,7.51172065854636,8.235349265866198,5000,42
4,6.74519731577011,7.511690857388782,8.413145510614948,5000,42
5,6.678462509318592,7.514994437126107,8.549925340676767,5000,42
6,6.628305411186849,7.516936940620889,8.651414685439018,5000,42
7,6.590059384619051,7.5177378282018985,8.732276851990102,5000,42
8,6.563352303886583,7.520799200639798,8.801268289604204,5000,42
9,6.538245144254622,7.51990808867321,8.85823148565856,5000,42
10,6.52256948120411,7.522949684142916,8.909154959703793,5000,42
11,6.506156820990436,7.522990810387357,8.954676114412283,5000,42
12,6.4948057623785065,7.520933145072069,8.990953408255757,5000,42
13,6.485493403199565,7.520843027513625,9.021543276292311,5000,42
14,6.476728897591501,7.520599560324205,9.051072575658143,5000,42
15,6.4697024873715065,7.521643861521561,9.077802326926424,5000,42
16,6.462851797825545,7.521007558166305,9.102690540169297,5000,42
17,6.457617055224844,7.522193893522979,9.124534921475146,5000,42
18,6.45322428472871,7.522306366031857,9.142105226032031,5000,42
19,6.449055257625555,7.522616010980503,9.160229028960893,5000,42
20,6.4461178694838015,7.522372534515306,9.176422153133643,5000,42
21,6.44309487870275,7.523314377715942,9.192182437592978,5000,42
22,6.440275194449068,7.521720033619138,9.202925583332808,5000,42
23,6.437617235889421,7.521072602691157,9.21433523255231,5000,42
24,6.43575456020907,7.5211436952935635,9.225543586462866,5000,42
25,6.433638242528719,7.520161832567422,9.234216251605144,5000,42
26,6.431571018348368,7.519105286093868,9.240383065468949,5000,42
27,6.429906000190476,7.519384614588559,9.248751119857141,5000,42
28,6.428153101857143,7.519066826759954,9.257291720523808,5000,42
29,6.426901081523809,7.519285214463871,9.265537645519755,5000,42
30,6.42548914602381,7.519276368778301,9.272827655523809,5000,42
31,6.424416217857144,7.520178283997773,9.280338201190476,5000,42
32,6.423425083690476,7.519729741720721,9.284724839857143,5000,42
33,6.422292110857143,7.519970517702857,9.290770124190475,5000,42
34,6.42168734352381,7.5204501196087135,9.295649714857142,5000,42
35,6.420706490857143,7.5207568052186575,9.300384968857141,5000,42
36,6.420033610357144,7.520556152297194,9.30325615202381,5000,42
37,6.419488856857144,7.521139298703209,9.308642604190474,5000,42
38,6.4185912716904765,7.521601797332142,9.313957850523808,5000,42
39,6.418068796190476,7.521925894088068,9.316542214190475,5000,42
40,6.41750332502381,7.522087686975087,9.31936159585714,5000,42
41,6.4169063361904755,7.522207327771217,9.323364702857143,5000,42
42,6.416064231190476,7.522131462317463,9.330350287357144,5000,42
43,6.415350988190476,7.522496040511306,9.337871470190475,5000,42
44,6.414406714190476,7.522401769098203,9.34398013635714,5000,42
45,6.413732369523809,7.522200770145472,9.348048624190476,5000,42
46,6.413359840357143,7.52228297879263,9.352391142023809,5000,42
47,6.412851650523809,7.5224006111688695,9.358385050857143,5000,42
48,6.412455743023809,7.522539845482893,9.364401044357141,5000,42
49,6.41207327752381,7.522700727198503,9.36980166952381,5000,42
50,6.411549509857143,7.522557296013693,9.37415173002381,5000,42
51,6.411141367857142,7.5225410352709385,9.377861431190476,5000,42
52,6.410750153357142,7.5226333733926305,9.381516047690477,5000,42
53,6.410237259523809,7.522807162827834,9.38724032085714,5000,42
54,6.409735961190476,7.522897476666103,9.39297848935714,5000,42
55,6.409299725523809,7.522984931740104,9.395841266857143,5000,42
56,6.40891992702381,7.522465098487588,9.396997630357143,5000,42
57,6.408465998857143,7.522310037618008,9.400702052190478,5000,42
58,6.408085061023809,7.522631012750292,9.404103603023808,5000,42
59,6.407611766190477,7.522662043227765,9.408430357523809,5000,42
60,6.407427454690476,7.522636217973226,9.411569748190475,5000,42
61,6.4070953628571425,7.522804002358897,9.414316322857141,5000,42
62,6.40681231752381,7.522647187660222,9.415900768857142,5000,42
63,6.406564452857143,7.5227749454816735,9.417523732857141,5000,42
64,6.40633787152381,7.522643557764904,9.418949240523808,5000,42
65,6.40595834552381,7.522280109893518,9.420130122857142,5000,42
66,6.4056226870238095,7.522272604519102,9.421556730357143,5000,42
67,6.405357767190476,7.522301984519603,9.42409092785714,5000,42
68,6.405040217023809,7.522222599661723,9.42595634752381,5000,42
69,6.404743630857143,7.522178504476122,9.427444513523808,5000,42
70,6.404543571857143,7.5220609568165075,9.428416161690473,5000,42
71,6.404374092857143,7.522366452605827,9.430430681190476,5000,42
72,6.404162372190476,7.522406739021211,9.432891930523807,5000,42
73,6.403876205523809,7.522369792868798,9.434584808190477,5000,42
74,6.403712044190476,7.522275711600311,9.436219051523809,5000,42
75,6.403592161857143,7.522140790345246,9.439273466857141,5000,42
76,6.4034967995238095,7.522270315418033,9.440349608690475,5000,42
77,6.403260364190476,7.522151183417399,9.441426058857141,5000,42
78,6.402980265857143,7.522080313304649,9.443400083857144,5000,42
79,6.402861134857143,7.522242683635492,9.446229176857141,5000,42
80,6.4026780985238085,7.5223719706876055,9.44676424335714,5000,42
81,6.402416036190476,7.522274913616999,9.44725652952381,5000,42
82,6.402235506857144,7.522458841689436,9.450268128857141,5000,42
83,6.402028102857144,7.522327319909158,9.453255451857144,5000,42
84,6.4018126815238094,7.522267680893877,9.454396182190475,5000,42
85,6.401617739523809,7.522334461619936,9.457537414190474,5000,42
86,6.401502437857142,7.522415126590115,9.460042712857144,5000,42
87,6.401312278857143,7.522657090279007,9.461591607857143,5000,42
88,6.401189080357143,7.522677703512057,9.464169833023812,5000,42
89,6.401035534857143,7.522624448904465,9.46520668152381,5000,42
90,6.400896925690477,7.522685025962144,9.467244133190473,5000,42
91,6.400767599523809,7.52279382533674,9.468043686190477,5000,42
92,6.400667909857143,7.522734811779671,9.470526336023807,5000,42
93,6.400465208857143,7.522713688443611,9.471222084857143,5000,42
94,6.4003928543571424,7.522822200890526,9.473410320857141,5000,42
95,6.400293497523809,7.522780913102017,9.474208778190475,5000,42
96,6.400130606190476,7.5227459876706995,9.474937245357143,5000,42
97,6.3999887575238095,7.522527053077974,9.475149034857141,5000,42
98,6.399879363357143,7.522364658101731,9.476270240357143,5000,42
99,6.399665261523809,7.522410530161481,9.47844820152381,5000,42
100,6.399491939023809,7.5223274751433085,9.480221883190474,5000,42
101,6.399348719523809,7.522285499600273,9.481353236190477,5000,42
102,6.399222207857143,7.52221884461168,9.48282418935714,5000,42
103,6.39897100852381,7.5220564759510005,9.48317512652381,5000,42
104,6.398861758690477,7.521962714167096,9.48373894552381,5000,42
105,6.398745250857143,7.522071376435904,9.484681176190474,5000,42
106,6.398590648690476,7.522163910512022,9.487042755357143,5000,42
107,6.398489015190476,7.5221939014056955,9.488926235190473,5000,42
108,6.398333068523809,7.522090821990577,9.48879714102381,5000,42
109,6.398234168857143,7.522104818718444,9.489269232190477,5000,42
110,6.3981544713571425,7.522105107486595,9.49162020952381,5000,42
111,6.398053892857144,7.522083098756088,9.492468696190475,5000,42
112,6.397921697357143,7.5220025261719305,9.493244226190475,5000,42
113,6.397790842857143,7.521798421535223,9.494257374857144,5000,42
114,6.397671644190476,7.521970370636421,9.495923478523808,5000,42
115,6.397594438857142,7.521842355998281,9.495957262857141,5000,42
116,6.397554581190477,7.521826620549816,9.497911393690476,5000,42
117,6.397493068190476,7.5219441133099565,9.49862308685714,5000,42
118,6.397445798690476,7.522069382083208,9.500940543690477,5000,42
119,6.39737362752381,7.522235312871571,9.501616063857142,5000,42
120,6.3971937418571425,7.522431466310102,9.504497544523808,5000,42
121,6.397098736190476,7.522297569373104,9.504065742857144,5000,42
122,6.3970152153571425,7.522294812874093,9.505741822357141,5000,42
123,6.396949833190476,7.522141647166169,9.506030932857144,5000,42
124,6.396813690857143,7.522048370220145,9.506215784023809,5000,42
125,6.3967727028571435,7.522051112706461,9.507059168857142,5000,42
126,6.396741973690476,7.5220829565863925,9.508783547857142,5000,42
127,6.396744934857142,7.522151089098399,9.510884378523809,5000,42
128,6.39661750002381,7.5221256022995835,9.51131113702381,5000,42
129,6.396512784190476,7.522059429289313,9.511652670857142,5000,42
130,6.396501473690476,7.522082192548288,9.512309847190474,5000,42
131,6.396428662857144,7.522042470073793,9.513579472857144,5000,42
132,6.396353587690476,7.522166654540076,9.514671579690475,5000,42
133,6.396216492190477,7.522063983303565,9.515674338190474,5000,42
134,6.39620435802381,7.5221312599517764,9.517140010523807,5000,42
135,6.3960944911904765,7.521992657041832,9.517464947523811,5000,42
136,6.396053906190476,7.521885576968239,9.517735917857141,5000,42
137,6.395892365523809,7.521805028629872,9.517903738857143,5000,42
138,6.395802564690476,7.521758040387534,9.51898441635714,5000,42
139,6.395761957523809,7.521782947454217,9.52016256085714,5000,42
140,6.395660448523809,7.521832135657431,9.521231822190478,5000,42
141,6.395547476190476,7.521800918148995,9.52217980952381,5000,42
142,6.395557663190476,7.521922870680253,9.523194292357141,5000,42
143,6.395495850190477,7.521904778668463,9.523775280523807,5000,42
144,6.39538712252381,7.521886965601121,9.524748603357141,5000,42
145,6.395282494857144,7.521863543103356,9.52507842552381,5000,42
146,6.3951926978571425,7.521742141721095,9.525666467857143,5000,42
147,6.395113448190476,7.521822769358747,9.527350252523808,5000,42
148,6.395025880357143,7.521841616082151,9.527710713190475,5000,42
149,6.3950002461904765,7.521884285464395,9.527558424190474,5000,42
150,6.394953062857144,7.521965280445773,9.528132291190477,5000,42
151,6.394913217857143,7.522091903844093,9.52894573452381,5000,42
152,6.394851880190475,7.522164681573568,9.529595408523807,5000,42
153,6.394852614857143,7.522149629183518,9.529234829523807,5000,42
154,6.394791432857143,7.5221431810418045,9.529704729023805,5000,42
155,6.394744019190476,7.522083695938506,9.52971084452381,5000,42
156,6.394698007023809,7.522001927081128,9.530222353690476,5000,42
157,6.394682092857143,7.52208452765597,9.530473895523809,5000,42
158,6.394662555190476,7.5220277760456025,9.530748474523806,5000,42
159,6.394638282523809,7.522000389501668,9.532186596523808,5000,42
160,6.394636679023809,7.522036780254729,9.532218651357145,5000,42
161,6.394512849523809,7.5220429281887515,9.53274406952381,5000,42
162,6.39446025852381,7.521942162605845,9.532981372357142,5000,42
163,6.394415668523809,7.521921699274163,9.534080433857142,5000,42
164,6.394320400023809,7.521840730037842,9.534968759190473,5000,42
165,6.394292494190475,7.521860655802011,9.53484869952381,5000,42
166,6.394226457857143,7.521862150155373,9.535662197857144,5000,42
167,6.394154307523809,7.521938328748014,9.536344562857142,5000,42
168,6.394083506357143,7.521902143202481,9.537122748690473,5000,42
169,6.394033037523809,7.521935430020877,9.538481890857142,5000,42
170,6.393955226190476,7.52190610307976,9.539605957357145,5000,42
171,6.39390204952381,7.5219196848177,9.540183891190477,5000,42
172,6.393774780190475,7.521869384086644,9.540371208690475,5000,42
173,6.393729328857143,7.5219724751573125,9.542084127523808,5000,42
174,6.393651158190476,7.522027076241102,9.54337387685714,5000,42
175,6.393587825523809,7.5219115133670025,9.544373814190475,5000,42
176,6.3935192928571425,7.5219606474412215,9.545132293690477,5000,42
177,6.393454437523809,7.5220183660819995,9.545808354857142,5000,42
178,6.393401702857143,7.522108066258627,9.546853787857142,5000,42
179,6.393391622190475,7.522152267622914,9.548181571857139,5000,42
180,6.393328523357143,7.52218192367979,9.548461846190476,5000,42
181,6.393301262857143,7.522204418687354,9.548693466190477,5000,42
182,6.39325653952381,7.522177336919471,9.54884860152381,5000,42
183,6.393227225857143,7.522305920628535,9.549326499857141,5000,42
184,6.393171170690477,7.522196420681574,9.550215837523806,5000,42
185,6.393100365523809,7.522210218246655,9.551005825523811,5000,42
186,6.393084952023809,7.522194042931181,9.550979055357143,5000,42
187,6.393060760190476,7.522201144928866,9.551663291190476,5000,42
188,6.393013677857143,7.522098381262296,9.551727195357142,5000,42
189,6.392967406857143,7.521998346377725,9.55219233285714,5000,42
190,6.392938783523809,7.521981285997997,9.552343444190477,5000,42
191,6.39293966452381,7.521964087247454,9.552960697857142,5000,42
192,6.392872084190476,7.521963845030926,9.553199062690476,5000,42
193,6.39282950952381,7.522027298774353,9.553775300190475,5000,42
194,6.392853767357142,7.522101895547656,9.553573322190474,5000,42
195,6.3928334381904754,7.5220354285377615,9.554695450857142,5000,42
196,6.392816592023809,7.52209789494367,9.55474858202381,5000,42
197,6.392776045523809,7.522155034957321,9.555087910857143,5000,42
198,6.392805413190477,7.522126130895098,9.554870872857142,5000,42
199,6.392709802190477,7.5222273155703006,9.55585150985714,5000,42
200,6.392649193357142,7.522221361668356,9.556980103857143,5000,42
