case_type,case_dir,dwelling_id,n_runs_used,mean_period_total_gas_kwh,std_period_total_gas_kwh,mean_period_space_gas_kwh,std_period_space_gas_kwh,mean_period_hw_gas_kwh,std_period_hw_gas_kwh
boiler_only,agile_boiler_only_EV_5kW_offset2p0h,0,5,480.2419467383611,8.21492887146832,465.88287266428705,12.437724403434062,14.359074074074073,5.2307307393150495
boiler_only,agile_boiler_only_EV_5kW_offset2p0h,1,5,624.4185313612508,8.963996389609234,590.5140869168063,15.5705184951329,33.904444444444444,7.493940602086426
boiler_only,agile_boiler_only_EV_5kW_offset2p0h,10,5,405.05608760050717,12.721085453204541,360.41523574865533,16.010981568917103,44.64085185185185,9.148601010870692
boiler_only,agile_boiler_only_EV_5kW_offset2p0h,100,5,460.4313324953572,8.311026634997045,426.76685101387574,7.2271384220328665,33.664481481481474,5.197361261675209
boiler_only,agile_boiler_only_EV_5kW_offset2p0h,101,5,622.2769202277357,8.590685016357975,605.6417587462541,9.421305747025558,16.635161481481482,4.650169760393416
boiler_only,agile_boiler_only_EV_5kW_offset2p0h,102,5,717.8465543020055,8.505585833039163,664.6986283760796,5.745475960689404,53.147925925925925,6.831581958890822
boiler_only,agile_boiler_only_EV_5kW_offset2p0h,103,5,677.404284354626,4.556656422429463,625.6264695398113,11.078053390954771,51.77781481481482,12.129564139913679
boiler_only,agile_boiler_only_EV_5kW_offset2p0h,104,5,516.5113500127418,5.22050466365461,486.0550959386677,6.482958160680197,30.45625407407407,7.624662274267396
boiler_only,agile_boiler_only_EV_5kW_offset2p0h,105,5,200.6636030950329,11.177514236833016,151.1306030950329,3.340542355335991,49.532999999999994,9.389872684230763
boiler_only,agile_boiler_only_EV_5kW_offset2p0h,106,5,386.5851919036371,6.8380545055316055,342.77631486660005,6.439446000926715,43.808877037037036,5.3404074258136776
boiler_only,agile_boiler_only_EV_5kW_offset2p0h,107,5,50.4173635819599,6.1107317145981455,22.70551173010805,5.982813001310905,27.71185185185185,4.250981261287027
boiler_only,agile_boiler_only_EV_5kW_offset2p0h,108,5,529.593368678665,9.512943121350663,495.89792423422057,13.2344264089826,33.69544444444445,10.302988444866942
boiler_only,agile_boiler_only_EV_5kW_offset2p0h,109,5,328.9386902730383,8.961646277532848,298.4011584211864,8.396207860991668,30.53753185185185,4.38308812672956
boiler_only,agile_boiler_only_EV_5kW_offset2p0h,11,5,626.5748390557716,5.647182990423286,569.4946168335493,9.689981755351505,57.08022222222222,10.055904504551735
boiler_only,agile_boiler_only_EV_5kW_offset2p0h,110,5,406.61875128331286,10.66333351400636,387.1662698018314,5.136756990625572,19.45248148148148,6.586490268491049
boiler_only,agile_boiler_only_EV_5kW_offset2p0h,111,5,537.5696266644343,13.95186442640873,486.68199703480457,8.066318458970143,50.88762962962962,7.05912479395661
boiler_only,agile_boiler_only_EV_5kW_offset2p0h,112,5,391.26975341362385,11.164105596616764,338.895901561772,11.4850771059931,52.37385185185185,9.636810306532329
boiler_only,agile_boiler_only_EV_5kW_offset2p0h,113,5,1421.5785025202076,6.223230991387981,1372.844501779467,7.182762672570878,48.73400074074074,6.099670756350198
boiler_only,agile_boiler_only_EV_5kW_offset2p0h,114,5,319.8864342435046,8.110828412035541,289.40339720646756,6.467923570089813,30.483037037037036,5.45383116338511
boiler_only,agile_boiler_only_EV_5kW_offset2p0h,115,5,292.49159250176626,7.835208833305846,263.2625554647292,12.781928536883362,29.22903703703704,5.821621166022903
boiler_only,agile_boiler_only_EV_5kW_offset2p0h,116,5,486.5995684889497,7.44837927861195,440.93631960006076,8.543436318964176,45.66324888888889,8.661135645400517
boiler_only,agile_boiler_only_EV_5kW_offset2p0h,117,5,388.07191932985245,17.393215885353495,354.941548959482,19.919244943726074,33.13037037037037,7.945720493435945
boiler_only,agile_boiler_only_EV_5kW_offset2p0h,118,5,766.1180302215328,5.18456312488052,733.7165279993104,8.865390667495461,32.40150222222222,6.8586392173903645
boiler_only,agile_boiler_only_EV_5kW_offset2p0h,119,5,382.962442411286,6.637500270837946,365.5225535223971,9.785175412289904,17.439888888888884,5.363333534107268
boiler_only,agile_boiler_only_EV_5kW_offset2p0h,12,5,341.08272746181285,10.181155503350826,300.36209635070173,13.183524542257251,40.7206311111111,8.499901067390686
boiler_only,agile_boiler_only_EV_5kW_offset2p0h,120,5,446.3389147509255,9.674945897400914,403.35458141759216,5.291659539827631,42.98433333333333,7.549286137546839
boiler_only,agile_boiler_only_EV_5kW_offset2p0h,121,5,409.824300056406,4.424143871942261,352.9685593156653,10.961058126964396,56.855740740740735,11.539903721340366
boiler_only,agile_boiler_only_EV_5kW_offset2p0h,122,5,441.6925486770189,10.932150650907438,420.8002894177597,10.249471370546498,20.892259259259255,2.8264835452951793
boiler_only,agile_boiler_only_EV_5kW_offset2p0h,123,5,582.3670127790808,10.067288840770493,537.5052401864881,4.449008180173254,44.861772592592594,13.67126846707471
boiler_only,agile_boiler_only_EV_5kW_offset2p0h,124,5,855.5718307070568,9.911503511987132,823.4554973737237,13.493940582235851,32.11633333333333,7.123132507890451
boiler_only,agile_boiler_only_EV_5kW_offset2p0h,125,5,380.427475673382,12.389194992341048,328.59547567338194,12.245537182536498,51.83200000000001,15.246002495808366
boiler_only,agile_boiler_only_EV_5kW_offset2p0h,126,5,458.93566843935105,7.059638961279308,436.1933721430547,5.810471643368974,22.742296296296296,2.8712044624438957
boiler_only,agile_boiler_only_EV_5kW_offset2p0h,127,5,525.6134893550305,15.720463640398592,487.9083412068824,14.811339303739489,37.70514814814815,5.84056714378343
boiler_only,agile_boiler_only_EV_5kW_offset2p0h,128,5,1164.1201578960358,10.18153957770704,1120.0443801182582,7.636840076022136,44.07577777777777,2.7945038969696054
boiler_only,agile_boiler_only_EV_5kW_offset2p0h,129,5,335.50741375972837,27.040660964101743,269.5175989449135,18.878114482703648,65.98981481481482,12.144516704008307
boiler_only,agile_boiler_only_EV_5kW_offset2p0h,13,5,396.4229420504322,9.43353835832785,347.00605316154326,6.8231114827692,49.41688888888889,6.750629391222761
boiler_only,agile_boiler_only_EV_5kW_offset2p0h,130,5,516.5175829201079,4.75595057247836,495.6795088460338,3.3026916825678305,20.838074074074076,5.9049219803452395
boiler_only,agile_boiler_only_EV_5kW_offset2p0h,131,5,261.48351518836114,18.456852440862406,223.49195963280562,15.987417136169901,37.99155555555556,7.67703353555497
boiler_only,agile_boiler_only_EV_5kW_offset2p0h,132,5,501.49267064018386,9.900731964845406,480.437855825369,10.528443032462238,21.05481481481481,4.946281849265478
boiler_only,agile_boiler_only_EV_5kW_offset2p0h,133,5,680.996150736637,5.057093118069804,647.8348174033038,4.8336670410155484,33.16133333333333,5.326464956560826
boiler_only,agile_boiler_only_EV_5kW_offset2p0h,134,5,832.5078088843459,8.892722009318083,778.5858088843459,4.138119575476231,53.922000000000004,7.989826332170444
boiler_only,agile_boiler_only_EV_5kW_offset2p0h,135,5,479.1990374175283,6.867030939365825,430.0066300101209,4.037647331875745,49.1924074074074,5.81599616744656
boiler_only,agile_boiler_only_EV_5kW_offset2p0h,136,5,350.0099732483497,12.25797333168923,304.07641769279417,13.173742755730382,45.93355555555555,4.418447768441052
boiler_only,agile_boiler_only_EV_5kW_offset2p0h,137,5,695.1029348491618,8.642501227782454,664.0041992936063,12.839806935198004,31.098735555555557,8.144217627241662
boiler_only,agile_boiler_only_EV_5kW_offset2p0h,138,5,358.61691460588844,8.158780517006344,329.85030942070324,8.32629011035365,28.76660518518519,9.28474646895847
boiler_only,agile_boiler_only_EV_5kW_offset2p0h,139,5,446.7948900114553,5.884133259059004,428.1242233447886,7.071965755546362,18.670666666666666,2.7080978992319342
boiler_only,agile_boiler_only_EV_5kW_offset2p0h,14,5,213.48564424487873,6.794862161819391,177.97886646710094,7.0376236857859436,35.50677777777778,3.4797406369654467
boiler_only,agile_boiler_only_EV_5kW_offset2p0h,140,5,495.76981469958685,15.180225814615756,445.5401480329201,6.232348932744144,50.22966666666666,11.535112796101862
boiler_only,agile_boiler_only_EV_5kW_offset2p0h,141,5,355.97881337834167,9.935656981410881,335.3574800450084,6.885431597195862,20.621333333333332,6.15129592472171
boiler_only,agile_boiler_only_EV_5kW_offset2p0h,142,5,218.29409183298594,11.047712789342418,182.32286961076372,7.596719943149532,35.97122222222222,5.147563491981234
boiler_only,agile_boiler_only_EV_5kW_offset2p0h,143,5,660.1745356065933,13.643599557504698,613.930576347334,4.075940938565937,46.243959259259256,10.148545876355177
boiler_only,agile_boiler_only_EV_5kW_offset2p0h,144,5,1017.3781345121737,12.287127335087387,974.7885789566183,5.600326237997028,42.58955555555555,10.685117596069691
boiler_only,agile_boiler_only_EV_5kW_offset2p0h,145,5,621.2227395439916,14.593571580604216,567.8229299143619,8.523962866329438,53.39980962962962,10.527048561040887
boiler_only,agile_boiler_only_EV_5kW_offset2p0h,146,5,504.71001100827533,7.693549479455194,471.7421961934605,11.094332340247622,32.967814814814815,5.957127424659904
boiler_only,agile_boiler_only_EV_5kW_offset2p0h,15,5,630.1841470939926,8.506385231469421,584.2118878347334,7.435846983699312,45.97225925925925,6.830430682314145
boiler_only,agile_boiler_only_EV_5kW_offset2p0h,16,5,251.63997838636197,10.12880870969289,215.2662376456213,8.04001452032067,36.373740740740736,6.0940453286038325
boiler_only,agile_boiler_only_EV_5kW_offset2p0h,17,5,464.63822237093825,3.9969618132467,434.27903718575305,9.53091556933052,30.359185185185186,6.085386668797566
boiler_only,agile_boiler_only_EV_5kW_offset2p0h,18,5,329.5990430006923,9.061702470836677,277.6431911488404,11.54055571976103,51.955851851851854,9.122365258987456
boiler_only,agile_boiler_only_EV_5kW_offset2p0h,19,5,358.24151871533684,6.173935000851762,295.65561723385537,8.552581687806738,62.585901481481486,5.526515325896013
boiler_only,agile_boiler_only_EV_5kW_offset2p0h,2,5,519.4649846709884,13.774791318614492,482.68872541172914,15.296190340824788,36.776259259259255,3.6518539117077786
boiler_only,agile_boiler_only_EV_5kW_offset2p0h,20,5,478.48940339094315,13.240423293596482,441.96084783538765,11.817601329783189,36.528555555555556,6.2636297657935955
boiler_only,agile_boiler_only_EV_5kW_offset2p0h,21,5,83.69900591715475,4.706737263362981,29.931820731969573,5.438068452556046,53.76718518518518,6.968139401946956
boiler_only,agile_boiler_only_EV_5kW_offset2p0h,22,5,287.98568602807296,11.269325517162406,248.19827862066555,12.055860184326752,39.78740740740741,3.7216987217091444
boiler_only,agile_boiler_only_EV_5kW_offset2p0h,23,5,785.1280391438693,8.756781642995637,769.4685206253508,8.61957291852339,15.659518518518519,2.3692547381831477
boiler_only,agile_boiler_only_EV_5kW_offset2p0h,24,5,587.1264417755076,11.51507718238376,520.3137862199519,10.781239284015145,66.81265555555555,5.122912635334805
boiler_only,agile_boiler_only_EV_5kW_offset2p0h,25,5,319.40821737576573,8.331282754193971,279.2569951535435,7.027143926629994,40.151222222222216,4.715391527746677
boiler_only,agile_boiler_only_EV_5kW_offset2p0h,26,5,434.74551254003165,8.686195286913076,420.4561051326242,9.311499598334644,14.289407407407406,2.761204793229015
boiler_only,agile_boiler_only_EV_5kW_offset2p0h,27,5,378.84917889535535,4.980174604692832,327.3887344509109,3.340020965884984,51.46044444444444,6.077566074472145
boiler_only,agile_boiler_only_EV_5kW_offset2p0h,28,5,397.3939755860687,4.8062216283961305,367.2512215119947,9.386213541339204,30.14275407407407,5.802293764488413
boiler_only,agile_boiler_only_EV_5kW_offset2p0h,29,5,491.6655927976579,7.782840634729369,440.96312168654674,8.926928941165215,50.70247111111111,6.713179585295887
boiler_only,agile_boiler_only_EV_5kW_offset2p0h,3,5,313.69835839566883,4.484508182344532,292.11717321048366,4.1875725216849915,21.581185185185184,4.264227870065852
boiler_only,agile_boiler_only_EV_5kW_offset2p0h,30,5,609.6603037522857,10.230496714119525,559.8254148633968,8.808368978019194,49.834888888888884,14.356037963935172
boiler_only,agile_boiler_only_EV_5kW_offset2p0h,31,5,999.9663611321666,11.55023283818325,943.4512129840186,10.373862509237801,56.51514814814815,8.128210879113318
boiler_only,agile_boiler_only_EV_5kW_offset2p0h,32,5,428.429794456648,3.7568953282677975,410.5641648270183,6.162585185425676,17.86562962962963,5.3445877037343195
boiler_only,agile_boiler_only_EV_5kW_offset2p0h,33,5,694.4886534268342,6.9115285229092605,660.8319126860935,9.194719968982183,33.656740740740744,3.6916516957587358
boiler_only,agile_boiler_only_EV_5kW_offset2p0h,34,5,603.1052512969993,14.20795587799131,539.6234364821845,11.556611805188146,63.48181481481481,12.457314789970031
boiler_only,agile_boiler_only_EV_5kW_offset2p0h,35,5,321.3813549802095,4.146963701701386,299.58342905428356,6.740272206455344,21.797925925925927,6.451188783325674
boiler_only,agile_boiler_only_EV_5kW_offset2p0h,36,5,679.6662210791154,5.8990720747579,647.2593003383747,7.435504461233633,32.40692074074074,4.12589365924247
boiler_only,agile_boiler_only_EV_5kW_offset2p0h,37,5,418.030095403835,18.21103964286767,386.8968361445758,11.047101925292965,31.133259259259262,9.427852019430214
boiler_only,agile_boiler_only_EV_5kW_offset2p0h,38,5,561.9614154142913,6.858548953963571,506.4525635624394,5.2309712062523905,55.50885185185185,6.700850811763305
boiler_only,agile_boiler_only_EV_5kW_offset2p0h,39,5,571.0139660792059,14.06766267552595,536.0258179310579,9.495281803399084,34.98814814814815,7.236609410344564
boiler_only,agile_boiler_only_EV_5kW_offset2p0h,4,5,619.179617974143,6.5052074629088255,566.4591357519208,6.974322267647685,52.72048222222222,7.963794841655285
boiler_only,agile_boiler_only_EV_5kW_offset2p0h,40,5,532.5648460425813,10.972469752730849,498.39303641295174,11.12755326338967,34.17180962962963,11.804306184056973
boiler_only,agile_boiler_only_EV_5kW_offset2p0h,41,5,440.27045512106906,11.290905345179077,389.5181336395876,10.050696838104919,50.75232148148148,9.90256341983377
boiler_only,agile_boiler_only_EV_5kW_offset2p0h,42,5,1321.2659279935137,12.426217652692992,1289.7759754009212,16.36203115307717,31.48995259259259,7.329345364127859
boiler_only,agile_boiler_only_EV_5kW_offset2p0h,43,5,703.8795379950518,4.251339555717857,655.7398713283851,11.75532886788626,48.13966666666666,9.03407787616989
boiler_only,agile_boiler_only_EV_5kW_offset2p0h,44,5,1238.4278298042675,6.8378376600702495,1203.6719038783417,4.915881018506875,34.75592592592592,4.638231569826598
boiler_only,agile_boiler_only_EV_5kW_offset2p0h,45,5,323.2199619831682,10.080620210599001,268.29336864983486,16.0967706039123,54.92659333333334,12.526022543123007
boiler_only,agile_boiler_only_EV_5kW_offset2p0h,46,5,462.6878205015394,12.11215812484088,426.03541309413197,7.154805158518821,36.65240740740741,7.206479968211663
boiler_only,agile_boiler_only_EV_5kW_offset2p0h,47,5,417.81351201743354,7.907554571147028,387.1714801655817,12.066824760680225,30.64203185185185,9.90988182563977
boiler_only,agile_boiler_only_EV_5kW_offset2p0h,48,5,268.57199131215555,13.41231413125444,209.95910242326673,13.26112767765066,58.61288888888888,5.599116480310287
boiler_only,agile_boiler_only_EV_5kW_offset2p0h,49,5,472.18289666525817,16.5092700971041,410.9338211097027,6.0978447335543216,61.24907555555556,12.1058918388528
boiler_only,agile_boiler_only_EV_5kW_offset2p0h,5,5,276.4821411480551,9.399352421222137,231.849030036944,12.385822065094109,44.63311111111111,8.217608432326934
boiler_only,agile_boiler_only_EV_5kW_offset2p0h,50,5,438.7990616801624,3.426684979712559,404.17472834682906,10.316451424141027,34.624333333333325,10.958808640742705
boiler_only,agile_boiler_only_EV_5kW_offset2p0h,51,5,323.0465017491322,9.703896277982974,277.190353600984,8.443395661440885,45.856148148148144,3.419029192726103
boiler_only,agile_boiler_only_EV_5kW_offset2p0h,52,5,229.95274035002817,11.622769864547521,193.91959220188005,9.311052586079109,36.03314814814814,6.085595900906976
boiler_only,agile_boiler_only_EV_5kW_offset2p0h,53,5,590.4890389405407,8.072026653630346,553.875335236837,5.0205974868278975,36.613703703703706,6.284020389841612
boiler_only,agile_boiler_only_EV_5kW_offset2p0h,54,5,113.9008149153909,17.088429794071917,54.75551787835387,18.28744546583267,59.14529703703704,13.88517482173141
boiler_only,agile_boiler_only_EV_5kW_offset2p0h,55,5,97.76561559940973,6.923032613527267,48.94832448829862,5.788475979411238,48.81729111111111,4.415570913192861
boiler_only,agile_boiler_only_EV_5kW_offset2p0h,56,5,357.35293323125944,8.471833905075977,302.6181554534817,11.621781758304406,54.73477777777778,8.469543075074869
boiler_only,agile_boiler_only_EV_5kW_offset2p0h,57,5,430.5105595145525,13.5701427566322,402.55255210714506,13.229104265281764,27.958007407407404,7.431307449180957
boiler_only,agile_boiler_only_EV_5kW_offset2p0h,58,5,431.6084604564588,9.674064008887513,401.1796086046069,14.081766911432968,30.428851851851853,5.563070089773373
boiler_only,agile_boiler_only_EV_5kW_offset2p0h,59,5,271.4023821804304,4.006398864442349,220.35993773598594,9.303696526174924,51.04244444444444,9.36135307266882
boiler_only,agile_boiler_only_EV_5kW_offset2p0h,6,5,371.10189891477654,10.774966789128936,321.95593595181356,7.621464801227667,49.14596296296296,10.979218189569954
boiler_only,agile_boiler_only_EV_5kW_offset2p0h,60,5,334.9322812430029,9.03462831887149,288.0775775392991,9.077918757832581,46.8547037037037,5.740399935523052
boiler_only,agile_boiler_only_EV_5kW_offset2p0h,61,5,383.95926637215064,7.506624082069172,365.78400711289135,9.265792081993458,18.175259259259256,4.183098731391676
boiler_only,agile_boiler_only_EV_5kW_offset2p0h,62,5,671.3487427489389,7.527691645607575,638.2261131193093,6.694579444965321,33.12262962962963,11.44266998064736
boiler_only,agile_boiler_only_EV_5kW_offset2p0h,63,5,357.6184253746734,7.942198717564569,313.31816611541416,6.783989816459839,44.300259259259256,14.361749700800733
boiler_only,agile_boiler_only_EV_5kW_offset2p0h,64,5,331.38252129313935,9.41255109394612,311.0088916635097,6.0412934771167075,20.37362962962963,5.3569757008149725
boiler_only,agile_boiler_only_EV_5kW_offset2p0h,65,5,553.7888144240461,8.936335732529837,539.1123699796017,9.375440556424751,14.676444444444442,3.7331924195371236
boiler_only,agile_boiler_only_EV_5kW_offset2p0h,66,5,434.76993942860446,7.5452238518095065,402.8548653545304,8.177220735714922,31.915074074074074,6.928481875869522
boiler_only,agile_boiler_only_EV_5kW_offset2p0h,67,5,481.1618704460555,12.108294185661746,440.0774245201295,11.59944660444657,41.08444592592592,9.928524555635788
boiler_only,agile_boiler_only_EV_5kW_offset2p0h,68,5,643.5615401910417,6.136790441567752,626.5164290799305,7.878781905048786,17.04511111111111,3.948783187150451
boiler_only,agile_boiler_only_EV_5kW_offset2p0h,69,5,296.48939741509207,4.804923503673756,255.81180482249948,5.6152377842657275,40.67759259259259,6.42953446683502
boiler_only,agile_boiler_only_EV_5kW_offset2p0h,7,5,357.3817082866386,9.013244977368075,324.14652828663856,7.615905396319796,33.23518,11.972685074542275
boiler_only,agile_boiler_only_EV_5kW_offset2p0h,70,5,152.40924529081943,6.385850882209166,133.35154158711572,5.112613361071455,19.0577037037037,3.69844216685772
boiler_only,agile_boiler_only_EV_5kW_offset2p0h,71,5,397.9987365821341,13.488204702087607,361.965588433986,8.788297984296461,36.03314814814814,6.255409406665015
boiler_only,agile_boiler_only_EV_5kW_offset2p0h,72,5,447.8228037238947,7.993947806398518,412.1030007609317,7.605793440398917,35.71980296296296,7.232299020132849
boiler_only,agile_boiler_only_EV_5kW_offset2p0h,73,5,395.9255988449337,9.89510768918502,335.214969215304,9.512928451954107,60.71062962962962,6.306245658380339
boiler_only,agile_boiler_only_EV_5kW_offset2p0h,74,5,800.1753137746695,5.287871193424606,748.5910174783733,8.161796555953996,51.584296296296294,8.416315933490036
boiler_only,agile_boiler_only_EV_5kW_offset2p0h,75,5,652.9738780005372,9.704241818169546,612.133729852389,6.198807620343211,40.840148148148145,7.94036454354346
boiler_only,agile_boiler_only_EV_5kW_offset2p0h,76,5,308.21610665240803,12.814715874833915,260.5408844301858,12.027829949830647,47.67522222222222,8.211955540117524
boiler_only,agile_boiler_only_EV_5kW_offset2p0h,77,5,986.1366490854747,20.77138424882346,924.0172046410302,16.98868010677326,62.11944444444445,4.882806246923299
boiler_only,agile_boiler_only_EV_5kW_offset2p0h,78,5,427.5149880476034,7.005815364394921,395.1509510105664,8.495221005807402,32.36403703703703,9.665679500645087
boiler_only,agile_boiler_only_EV_5kW_offset2p0h,79,5,168.25899127772232,6.296329330768938,135.27569498142603,11.1806682966971,32.983296296296295,6.774718230718097
boiler_only,agile_boiler_only_EV_5kW_offset2p0h,8,5,375.2741652957269,5.273354553034589,353.6155727031343,6.193216660278334,21.65859259259259,3.917744052413261
boiler_only,agile_boiler_only_EV_5kW_offset2p0h,80,5,699.1426366292322,16.255507733552093,651.5680440366395,8.198117508167924,47.574592592592595,14.794902705428656
boiler_only,agile_boiler_only_EV_5kW_offset2p0h,81,5,339.6193946744315,4.703411497462189,292.1454317114685,7.89895651958251,47.47396296296296,6.486398956787333
boiler_only,agile_boiler_only_EV_5kW_offset2p0h,82,5,349.2004127133234,8.055251036079355,307.1836719725826,3.6715926612960454,42.01674074074074,7.238554946913005
boiler_only,agile_boiler_only_EV_5kW_offset2p0h,83,5,732.017864199195,8.958396894996486,695.6441234584541,8.434119699363595,36.37374074074074,5.101142275048606
boiler_only,agile_boiler_only_EV_5kW_offset2p0h,84,5,340.83409579525596,10.66276652425286,292.4157624619226,8.860964722087788,48.41833333333333,2.748780525225203
boiler_only,agile_boiler_only_EV_5kW_offset2p0h,85,5,691.9800491772909,9.851315124264435,642.7021839921057,8.028207200759843,49.27786518518518,10.262990132911627
boiler_only,agile_boiler_only_EV_5kW_offset2p0h,86,5,616.0012976760585,10.399200848490013,582.3677791575399,11.008984164489206,33.63351851851852,9.041602698376058
boiler_only,agile_boiler_only_EV_5kW_offset2p0h,87,5,948.8203949104758,8.360189195931612,912.3517526882537,10.35122967658814,36.468642222222215,6.525809148940254
boiler_only,agile_boiler_only_EV_5kW_offset2p0h,88,5,267.5831392621104,11.702616803148034,234.1044355584067,6.5767746106747005,33.4787037037037,6.942218934749699
boiler_only,agile_boiler_only_EV_5kW_offset2p0h,89,5,197.65168820222735,8.869368322730544,150.99050301704216,8.636466570230176,46.66118518518518,5.025866311158766
boiler_only,agile_boiler_only_EV_5kW_offset2p0h,9,5,483.27504619887725,14.211483793465229,428.3312684210995,12.74399848396449,54.94377777777777,11.159211433684439
boiler_only,agile_boiler_only_EV_5kW_offset2p0h,90,5,420.5362969630367,9.556657970064308,366.73814881488863,9.817316059521243,53.798148148148144,5.434253608094849
boiler_only,agile_boiler_only_EV_5kW_offset2p0h,91,5,532.4341659921383,4.399801935174433,477.3123511773235,10.524406930133912,55.12181481481481,13.414153175213606
boiler_only,agile_boiler_only_EV_5kW_offset2p0h,92,5,448.92958402830754,8.38209859524667,401.7884729171965,9.080297208310776,47.1411111111111,8.715855804450765
boiler_only,agile_boiler_only_EV_5kW_offset2p0h,93,5,1178.3396946358766,13.781353773105817,1122.2967316729137,6.204736265403148,56.04296296296296,9.924576044025013
boiler_only,agile_boiler_only_EV_5kW_offset2p0h,94,5,382.66210352886355,9.565867434218614,351.9236220473821,16.791738386529133,30.738481481481482,9.387758659234532
boiler_only,agile_boiler_only_EV_5kW_offset2p0h,95,5,590.9850833156735,8.235633668799268,539.5401203527106,10.034535128688258,51.44496296296296,6.838376021777855
boiler_only,agile_boiler_only_EV_5kW_offset2p0h,96,5,589.8397291541773,3.4744224869594613,547.2515669319552,14.11355847933292,42.58816222222222,11.485424499801205
boiler_only,agile_boiler_only_EV_5kW_offset2p0h,97,5,648.8881610607671,12.032428107621815,612.7698647644708,16.58053536375355,36.11829629629629,9.267108647348202
boiler_only,agile_boiler_only_EV_5kW_offset2p0h,98,5,465.92901789118184,7.938615406975347,450.4552771504412,5.255127072499689,15.473740740740741,3.481655768884127
boiler_only,agile_boiler_only_EV_5kW_offset2p0h,99,5,403.8824763268202,6.394930169951343,373.77099484533875,8.725917730684,30.11148148148148,4.124351366469823
hybrid,agile_hybrid_EV_5kW_offset2p0h,0,5,33.8072488320811,2.7993351937077073,19.448174758007024,4.106693727837164,14.359074074074073,5.230730739315049
hybrid,agile_hybrid_EV_5kW_offset2p0h,1,5,128.93535291659222,8.162251918598253,95.0309084721478,15.241217393620877,33.904444444444444,7.493940602086426
hybrid,agile_hybrid_EV_5kW_offset2p0h,10,5,47.39436011767073,9.888610554407425,2.75350826581888,1.5524191485934888,44.64085185185185,9.148601010870692
hybrid,agile_hybrid_EV_5kW_offset2p0h,100,5,54.40065989018385,7.166838453082221,20.736178408702376,3.069816201419012,33.664481481481474,5.197361261675209
hybrid,agile_hybrid_EV_5kW_offset2p0h,101,5,134.5184124371537,5.371582059742601,117.88325095567222,3.777688324758046,16.635161481481482,4.650169760393416
hybrid,agile_hybrid_EV_5kW_offset2p0h,102,5,217.45651234235046,8.2833529765961,164.30858641642453,4.885931658872254,53.147925925925925,6.831581958890822
hybrid,agile_hybrid_EV_5kW_offset2p0h,103,5,177.34003760279012,6.606791045072681,125.56222278797532,14.463612072816145,51.77781481481482,12.129564139913677
hybrid,agile_hybrid_EV_5kW_offset2p0h,104,5,60.397049056272905,4.431987435185304,29.940794982198845,3.703630513198996,30.45625407407407,7.624662274267395
hybrid,agile_hybrid_EV_5kW_offset2p0h,105,5,49.532999999999994,9.389872684230763,0.0,0.0,49.532999999999994,9.389872684230763
hybrid,agile_hybrid_EV_5kW_offset2p0h,106,5,48.94750580083201,5.401205347546981,5.138628763794975,1.441101417993317,43.80887703703703,5.340407425813677
hybrid,agile_hybrid_EV_5kW_offset2p0h,107,5,27.71185185185185,4.250981261287027,0.0,0.0,27.71185185185185,4.250981261287027
hybrid,agile_hybrid_EV_5kW_offset2p0h,108,5,70.84874743982681,7.590666612845277,37.15330299538236,5.427694852660558,33.69544444444444,10.302988444866939
hybrid,agile_hybrid_EV_5kW_offset2p0h,109,5,30.775155930140848,4.386999812104089,0.2376240782889985,0.18881401317617505,30.53753185185185,4.383088126729557
hybrid,agile_hybrid_EV_5kW_offset2p0h,11,5,132.11550591306536,7.030740541917897,75.03528369084313,7.886563829465258,57.08022222222222,10.055904504551737
hybrid,agile_hybrid_EV_5kW_offset2p0h,110,5,20.61715934209139,7.888175885774563,1.1646778606099093,1.4334563751669538,19.45248148148148,6.586490268491051
hybrid,agile_hybrid_EV_5kW_offset2p0h,111,5,116.02479348602814,10.938018475667551,65.13716385639854,4.456007716444823,50.88762962962963,7.059124793956608
hybrid,agile_hybrid_EV_5kW_offset2p0h,112,5,53.733223545855466,9.055464290845556,1.3593716940036225,1.9201018120470952,52.37385185185185,9.636810306532329
hybrid,agile_hybrid_EV_5kW_offset2p0h,113,5,886.6440768901388,7.21625667978127,837.9100761493979,8.65276033028279,48.73400074074074,6.099670756350198
hybrid,agile_hybrid_EV_5kW_offset2p0h,114,5,30.483037037037036,5.45383116338511,0.0,0.0,30.483037037037036,5.45383116338511
hybrid,agile_hybrid_EV_5kW_offset2p0h,115,5,29.22903703703704,5.821621166022903,0.0,0.0,29.22903703703704,5.821621166022903
hybrid,agile_hybrid_EV_5kW_offset2p0h,116,5,68.03313605398331,7.864381435835054,22.36988716509443,1.4733939862777847,45.66324888888888,8.661135645400517
hybrid,agile_hybrid_EV_5kW_offset2p0h,117,5,33.427490647648874,7.789342703004409,0.29712027727851026,0.40694019558955385,33.130370370370365,7.945720493435946
hybrid,agile_hybrid_EV_5kW_offset2p0h,118,5,252.12108698670733,6.979022787969021,219.7195847644851,10.299691461959743,32.40150222222222,6.858639217390362
hybrid,agile_hybrid_EV_5kW_offset2p0h,119,5,20.485293050810675,5.843061088669066,3.045404161921789,0.9631632785515841,17.439888888888884,5.363333534107268
hybrid,agile_hybrid_EV_5kW_offset2p0h,12,5,41.554962242372234,8.277612089403162,0.8343311312611252,1.4861645684752742,40.7206311111111,8.499901067390686
hybrid,agile_hybrid_EV_5kW_offset2p0h,120,5,57.33237648997495,7.849836702886531,14.34804315664162,2.3923041783312735,42.98433333333333,7.5492861375468445
hybrid,agile_hybrid_EV_5kW_offset2p0h,121,5,59.12457210492088,10.261568152441917,2.268831364180147,2.0340007924204375,56.855740740740735,11.53990372134036
hybrid,agile_hybrid_EV_5kW_offset2p0h,122,5,72.98437074463344,3.74959144373314,52.092111485374176,2.79275974329266,20.892259259259255,2.8264835452951798
hybrid,agile_hybrid_EV_5kW_offset2p0h,123,5,97.90889596087077,11.289813166693643,53.04712336827818,9.221851421034936,44.861772592592594,13.671268467074709
hybrid,agile_hybrid_EV_5kW_offset2p0h,124,5,340.0068388243916,10.4448542980964,307.8905054910582,13.636168875475532,32.11633333333333,7.12313250789045
hybrid,agile_hybrid_EV_5kW_offset2p0h,125,5,109.47142370318879,13.89684320663259,57.639423703188776,4.439863830107231,51.831999999999994,15.246002495808359
hybrid,agile_hybrid_EV_5kW_offset2p0h,126,5,40.87629514058699,3.4910079624532995,18.133998844290694,1.6293236645235556,22.742296296296296,2.8712044624438984
hybrid,agile_hybrid_EV_5kW_offset2p0h,127,5,68.8380300253914,6.790881918342537,31.132881877243257,3.2677411157372713,37.70514814814815,5.84056714378343
hybrid,agile_hybrid_EV_5kW_offset2p0h,128,5,637.5712159206685,11.145466788596943,593.4954381428907,8.771707271332865,44.07577777777777,2.7945038969696054
hybrid,agile_hybrid_EV_5kW_offset2p0h,129,5,98.42185401671358,18.19349317870804,32.432039201898775,8.538338037886689,65.98981481481482,12.144516704008307
hybrid,agile_hybrid_EV_5kW_offset2p0h,13,5,50.488378714179454,6.3685959090529725,1.0714898252905725,0.6383635981222494,49.416888888888884,6.750629391222762
hybrid,agile_hybrid_EV_5kW_offset2p0h,130,5,52.16039328994384,4.984536259976141,31.322319215869772,1.9751088080700263,20.838074074074072,5.904921980345238
hybrid,agile_hybrid_EV_5kW_offset2p0h,131,5,37.99155555555556,7.67703353555497,0.0,0.0,37.99155555555556,7.67703353555497
hybrid,agile_hybrid_EV_5kW_offset2p0h,132,5,47.43911566932938,5.9784253607601485,26.384300854514567,2.2893495980853915,21.05481481481481,4.946281849265478
hybrid,agile_hybrid_EV_5kW_offset2p0h,133,5,179.17510113966858,5.852542598299752,146.01376780633527,6.067649769642139,33.16133333333333,5.326464956560826
hybrid,agile_hybrid_EV_5kW_offset2p0h,134,5,313.51625260345565,9.108609553409204,259.59425260345563,4.54968266447674,53.922000000000004,7.989826332170439
hybrid,agile_hybrid_EV_5kW_offset2p0h,135,5,58.60883633140371,6.910696730190222,9.416428923996305,1.316260437685265,49.1924074074074,5.815996167446559
hybrid,agile_hybrid_EV_5kW_offset2p0h,136,5,45.93355555555555,4.418447768441052,0.0,0.0,45.93355555555555,4.418447768441052
hybrid,agile_hybrid_EV_5kW_offset2p0h,137,5,184.62884930263536,11.846670766542907,153.53011374707978,14.004149503867627,31.098735555555557,8.144217627241662
hybrid,agile_hybrid_EV_5kW_offset2p0h,138,5,28.76660518518518,9.284746468958465,0.0,0.0,28.76660518518518,9.284746468958465
hybrid,agile_hybrid_EV_5kW_offset2p0h,139,5,33.31173979196681,2.3658574400751395,14.641073125300142,1.8366066451305434,18.670666666666666,2.708097899231933
hybrid,agile_hybrid_EV_5kW_offset2p0h,14,5,35.50677777777777,3.479740636965444,0.0,0.0,35.50677777777777,3.479740636965444
hybrid,agile_hybrid_EV_5kW_offset2p0h,140,5,60.50402345422226,12.173945985956998,10.274356787555597,2.5741163877270608,50.22966666666666,11.53511279610186
hybrid,agile_hybrid_EV_5kW_offset2p0h,141,5,20.621333333333332,6.15129592472171,0.0,0.0,20.621333333333332,6.15129592472171
hybrid,agile_hybrid_EV_5kW_offset2p0h,142,5,35.97122222222222,5.147563491981234,0.0,0.0,35.97122222222222,5.147563491981234
hybrid,agile_hybrid_EV_5kW_offset2p0h,143,5,156.55876163900115,9.230266189551148,110.3148023797419,2.0318696881504357,46.243959259259256,10.148545876355177
hybrid,agile_hybrid_EV_5kW_offset2p0h,144,5,484.1490359251813,12.3274760661225,441.5594803696257,5.265840390245032,42.589555555555556,10.685117596069691
hybrid,agile_hybrid_EV_5kW_offset2p0h,145,5,134.68743374465666,11.687846233451383,81.28762411502704,6.509161446357396,53.39980962962962,10.527048561040887
hybrid,agile_hybrid_EV_5kW_offset2p0h,146,5,68.15556239027299,4.755487760102023,35.18774757545818,4.047964775109316,32.967814814814815,5.957127424659904
hybrid,agile_hybrid_EV_5kW_offset2p0h,15,5,138.23103213788647,8.458264786974926,92.2587728786272,4.326632537703753,45.97225925925925,6.8304306823141445
hybrid,agile_hybrid_EV_5kW_offset2p0h,16,5,36.373740740740736,6.0940453286038325,0.0,0.0,36.373740740740736,6.0940453286038325
hybrid,agile_hybrid_EV_5kW_offset2p0h,17,5,80.1119831643592,6.540090650776866,49.752797979174034,3.7078864223910504,30.359185185185186,6.085386668797566
hybrid,agile_hybrid_EV_5kW_offset2p0h,18,5,51.95585185185185,9.122365258987461,0.0,0.0,51.95585185185185,9.122365258987461
hybrid,agile_hybrid_EV_5kW_offset2p0h,19,5,62.585901481481486,5.526515325896014,0.0,0.0,62.585901481481486,5.526515325896014
hybrid,agile_hybrid_EV_5kW_offset2p0h,2,5,58.184298374740294,3.4739522665125215,21.408039115481035,2.3382699848791275,36.776259259259255,3.6518539117077786
hybrid,agile_hybrid_EV_5kW_offset2p0h,20,5,47.98761404081833,6.944732301074492,11.459058485262778,1.7995024393212546,36.528555555555556,6.2636297657935955
hybrid,agile_hybrid_EV_5kW_offset2p0h,21,5,53.76718518518518,6.968139401946959,0.0,0.0,53.76718518518518,6.968139401946959
hybrid,agile_hybrid_EV_5kW_offset2p0h,22,5,40.21245374743374,4.267205822082199,0.4250463400263354,0.9504325098863756,39.7874074074074,3.7216987217091444
hybrid,agile_hybrid_EV_5kW_offset2p0h,23,5,260.09694811815496,7.868344852855756,244.43742959963643,7.9776352813666875,15.659518518518519,2.3692547381831477
hybrid,agile_hybrid_EV_5kW_offset2p0h,24,5,122.50513752280126,8.757194064074369,55.69248196724571,6.974459591292403,66.81265555555555,5.122912635334805
hybrid,agile_hybrid_EV_5kW_offset2p0h,25,5,40.151222222222216,4.715391527746676,0.0,0.0,40.151222222222216,4.715391527746676
hybrid,agile_hybrid_EV_5kW_offset2p0h,26,5,46.75860550847757,3.7007378405542406,32.46919810107017,1.7480255759341174,14.289407407407406,2.7612047932290147
hybrid,agile_hybrid_EV_5kW_offset2p0h,27,5,51.46044444444444,6.0775660744721485,0.0,0.0,51.46044444444444,6.0775660744721485
hybrid,agile_hybrid_EV_5kW_offset2p0h,28,5,51.30355644341539,7.240334078461357,21.160802369341322,1.5672058642575712,30.14275407407407,5.802293764488413
hybrid,agile_hybrid_EV_5kW_offset2p0h,29,5,187.17716376582658,4.653526902783193,136.47469265471548,4.930537124081362,50.70247111111111,6.713179585295887
hybrid,agile_hybrid_EV_5kW_offset2p0h,3,5,21.581185185185184,4.264227870065852,0.0,0.0,21.581185185185184,4.264227870065852
hybrid,agile_hybrid_EV_5kW_offset2p0h,30,5,123.70920534031902,10.00901679363514,73.87431645143013,6.035730941100784,49.834888888888884,14.356037963935167
hybrid,agile_hybrid_EV_5kW_offset2p0h,31,5,476.41427843882036,10.77360635573978,419.8991302906723,9.411977680773495,56.51514814814815,8.128210879113318
hybrid,agile_hybrid_EV_5kW_offset2p0h,32,5,33.20270756159555,5.430985726557585,15.337077931965926,2.6750638182905715,17.865629629629627,5.3445877037343195
hybrid,agile_hybrid_EV_5kW_offset2p0h,33,5,218.93123537506648,6.566705637814578,185.27449463432578,8.230915017157164,33.656740740740744,3.6916516957587358
hybrid,agile_hybrid_EV_5kW_offset2p0h,34,5,129.98383193423462,12.530402956590521,66.5020171194198,5.041110164420476,63.48181481481481,12.457314789970031
hybrid,agile_hybrid_EV_5kW_offset2p0h,35,5,21.943017302866885,6.223342630290868,0.14509137694095914,0.32443418178903016,21.797925925925924,6.451188783325674
hybrid,agile_hybrid_EV_5kW_offset2p0h,36,5,180.6292453038627,2.634275815633572,148.22232456312196,4.313719110701554,32.40692074074074,4.12589365924247
hybrid,agile_hybrid_EV_5kW_offset2p0h,37,5,36.96768097214065,9.353291265642845,5.83442171288139,1.1201943734849547,31.133259259259255,9.427852019430212
hybrid,agile_hybrid_EV_5kW_offset2p0h,38,5,101.44486419205174,4.011321133379483,45.936012340199895,4.032004996917359,55.508851851851844,6.700850811763304
hybrid,agile_hybrid_EV_5kW_offset2p0h,39,5,113.41659416428749,7.105555522670012,78.42844601613936,1.6806378210896156,34.98814814814815,7.236609410344564
hybrid,agile_hybrid_EV_5kW_offset2p0h,4,5,135.6734635391329,8.578661004197333,82.9529813169107,7.371521702676685,52.72048222222222,7.963794841655283
hybrid,agile_hybrid_EV_5kW_offset2p0h,40,5,62.48490016927153,12.633643090846896,28.313090539641905,5.589663080193149,34.17180962962963,11.804306184056973
hybrid,agile_hybrid_EV_5kW_offset2p0h,41,5,55.05777697884726,11.742715303535439,4.30545549736578,2.181477245025825,50.752321481481474,9.902563419833772
hybrid,agile_hybrid_EV_5kW_offset2p0h,42,5,787.9837951844944,12.68126616806686,756.4938425919017,17.22292969864982,31.48995259259259,7.32934536412786
hybrid,agile_hybrid_EV_5kW_offset2p0h,43,5,197.5921923790237,3.385841376867265,149.45252571235704,12.112839524583814,48.13966666666666,9.03407787616989
hybrid,agile_hybrid_EV_5kW_offset2p0h,44,5,708.1570404027083,7.139898121508714,673.4011144767824,4.554494851583168,34.75592592592592,4.638231569826598
hybrid,agile_hybrid_EV_5kW_offset2p0h,45,5,54.92659333333334,12.52602254312301,0.0,0.0,54.92659333333334,12.52602254312301
hybrid,agile_hybrid_EV_5kW_offset2p0h,46,5,44.68588986537686,8.838049702288673,8.03348245796945,4.520047029576992,36.65240740740741,7.206479968211663
hybrid,agile_hybrid_EV_5kW_offset2p0h,47,5,46.574797607993375,9.640727415555535,15.932765756141524,1.3591807537550489,30.642031851851847,9.909881825639767
hybrid,agile_hybrid_EV_5kW_offset2p0h,48,5,58.61288888888888,5.599116480310287,0.0,0.0,58.61288888888888,5.599116480310287
hybrid,agile_hybrid_EV_5kW_offset2p0h,49,5,71.83816875577068,10.028228067445959,10.589093200215126,2.928135205569599,61.24907555555556,12.105891838852797
hybrid,agile_hybrid_EV_5kW_offset2p0h,5,5,44.633111111111106,8.217608432326934,0.0,0.0,44.633111111111106,8.217608432326934
hybrid,agile_hybrid_EV_5kW_offset2p0h,50,5,40.080081331167214,9.232722539678626,5.455747997833885,2.408550226440597,34.62433333333333,10.958808640742705
hybrid,agile_hybrid_EV_5kW_offset2p0h,51,5,47.73487278447406,3.738811947107227,1.8787246363259094,1.3229091658201124,45.856148148148144,3.419029192726103
hybrid,agile_hybrid_EV_5kW_offset2p0h,52,5,36.03314814814814,6.085595900906978,0.0,0.0,36.03314814814814,6.085595900906978
hybrid,agile_hybrid_EV_5kW_offset2p0h,53,5,143.47501900955072,7.175499045619846,106.86131530584703,2.59786748658926,36.613703703703706,6.284020389841612
hybrid,agile_hybrid_EV_5kW_offset2p0h,54,5,59.14529703703704,13.88517482173141,0.0,0.0,59.14529703703704,13.88517482173141
hybrid,agile_hybrid_EV_5kW_offset2p0h,55,5,48.81729111111111,4.415570913192861,0.0,0.0,48.81729111111111,4.415570913192861
hybrid,agile_hybrid_EV_5kW_offset2p0h,56,5,54.73477777777778,8.469543075074869,0.0,0.0,54.73477777777778,8.469543075074869
hybrid,agile_hybrid_EV_5kW_offset2p0h,57,5,31.33390000640287,7.487724796433262,3.375892598995467,2.6636232879766433,27.958007407407404,7.431307449180957
hybrid,agile_hybrid_EV_5kW_offset2p0h,58,5,34.990020056128046,2.2198830504292744,4.561168204276197,3.7044497093234448,30.428851851851853,5.563070089773374
hybrid,agile_hybrid_EV_5kW_offset2p0h,59,5,52.33433450439777,8.839338997281562,1.291890059953327,1.1845090360463113,51.042444444444435,9.36135307266882
hybrid,agile_hybrid_EV_5kW_offset2p0h,6,5,52.461184931897435,10.418751160603351,3.315221968934476,0.9669972369892277,49.14596296296296,10.979218189569957
hybrid,agile_hybrid_EV_5kW_offset2p0h,60,5,46.8547037037037,5.740399935523052,0.0,0.0,46.8547037037037,5.740399935523052
hybrid,agile_hybrid_EV_5kW_offset2p0h,61,5,61.1852640467831,3.924359919738637,43.01000478752384,2.851590068329119,18.175259259259256,4.1830987313916745
hybrid,agile_hybrid_EV_5kW_offset2p0h,62,5,203.2479158928018,10.944726022308728,170.12528626317217,2.9620342609441686,33.12262962962963,11.44266998064736
hybrid,agile_hybrid_EV_5kW_offset2p0h,63,5,44.65525403910922,14.334053877601086,0.3549947798499643,0.3016769277462764,44.300259259259256,14.361749700800733
hybrid,agile_hybrid_EV_5kW_offset2p0h,64,5,20.37362962962963,5.3569757008149725,0.0,0.0,20.37362962962963,5.3569757008149725
hybrid,agile_hybrid_EV_5kW_offset2p0h,65,5,78.40204828547638,4.8474143549551,63.72560384103193,2.961502382900488,14.676444444444442,3.7331924195371227
hybrid,agile_hybrid_EV_5kW_offset2p0h,66,5,40.30902965771257,6.851437884970097,8.393955583638498,2.712659646185007,31.915074074074074,6.928481875869523
hybrid,agile_hybrid_EV_5kW_offset2p0h,67,5,55.57824244800888,8.77670272867895,14.493796522082956,2.1433781420716684,41.08444592592592,9.92852455563579
hybrid,agile_hybrid_EV_5kW_offset2p0h,68,5,136.8078639924922,5.750924556849912,119.76275288138109,5.186484108553323,17.045111111111108,3.9487831871504526
hybrid,agile_hybrid_EV_5kW_offset2p0h,69,5,40.67759259259259,6.42953446683502,0.0,0.0,40.67759259259259,6.42953446683502
hybrid,agile_hybrid_EV_5kW_offset2p0h,7,5,33.23518,11.972685074542275,0.0,0.0,33.23518,11.972685074542275
hybrid,agile_hybrid_EV_5kW_offset2p0h,70,5,19.0577037037037,3.6984421668577188,0.0,0.0,19.0577037037037,3.6984421668577188
hybrid,agile_hybrid_EV_5kW_offset2p0h,71,5,54.48482411813909,4.590850221301006,18.451675969990948,2.632238530026536,36.03314814814814,6.255409406665015
hybrid,agile_hybrid_EV_5kW_offset2p0h,72,5,49.14255908295796,5.916856708808891,13.422756119994995,2.5933426419061596,35.71980296296296,7.232299020132847
hybrid,agile_hybrid_EV_5kW_offset2p0h,73,5,60.93636154751571,6.299426879345181,0.2257319178860791,0.5047519130846735,60.71062962962962,6.306245658380339
hybrid,agile_hybrid_EV_5kW_offset2p0h,74,5,277.19578960411746,6.905010452411027,225.61149330782115,7.052898725875555,51.584296296296294,8.416315933490036
hybrid,agile_hybrid_EV_5kW_offset2p0h,75,5,154.63925600823194,9.100496827854634,113.79910786008381,3.626790393232222,40.840148148148145,7.940364543543459
hybrid,agile_hybrid_EV_5kW_offset2p0h,76,5,47.90343023545129,8.031142195918628,0.22820801322906906,0.5102886305903697,47.67522222222222,8.211955540117524
hybrid,agile_hybrid_EV_5kW_offset2p0h,77,5,457.90506068224875,21.280919819979424,395.78561623780433,17.45661804474558,62.11944444444445,4.882806246923296
hybrid,agile_hybrid_EV_5kW_offset2p0h,78,5,39.29684410092709,9.50895280917371,6.932807063890062,1.717823417085242,32.36403703703703,9.665679500645085
hybrid,agile_hybrid_EV_5kW_offset2p0h,79,5,32.983296296296295,6.774718230718097,0.0,0.0,32.983296296296295,6.774718230718097
hybrid,agile_hybrid_EV_5kW_offset2p0h,8,5,22.85050958683987,3.0085211607139595,1.1919169942472807,1.1998194919102159,21.65859259259259,3.917744052413261
hybrid,agile_hybrid_EV_5kW_offset2p0h,80,5,303.5691231003999,13.639282102399918,255.99453050780735,3.6362158790491854,47.574592592592595,14.794902705428656
hybrid,agile_hybrid_EV_5kW_offset2p0h,81,5,47.47396296296296,6.486398956787333,0.0,0.0,47.47396296296296,6.486398956787333
hybrid,agile_hybrid_EV_5kW_offset2p0h,82,5,42.01674074074074,7.238554946913006,0.0,0.0,42.01674074074074,7.238554946913006
hybrid,agile_hybrid_EV_5kW_offset2p0h,83,5,217.6716307409415,7.3359091337962195,181.29789000020077,4.047274312666057,36.373740740740736,5.101142275048605
hybrid,agile_hybrid_EV_5kW_offset2p0h,84,5,55.477851393381385,3.5144146189540764,7.0595180600480605,2.752198511367116,48.41833333333333,2.748780525225205
hybrid,agile_hybrid_EV_5kW_offset2p0h,85,5,199.85234390770216,9.678498212576622,150.574478722517,4.664544957319763,49.27786518518518,10.262990132911629
hybrid,agile_hybrid_EV_5kW_offset2p0h,86,5,118.5687712746272,12.695523968747784,84.93525275610867,12.069943940580005,33.63351851851852,9.04160269837606
hybrid,agile_hybrid_EV_5kW_offset2p0h,87,5,422.5648113270762,7.815002100387987,386.096169104854,8.734092281441445,36.468642222222215,6.525809148940254
hybrid,agile_hybrid_EV_5kW_offset2p0h,88,5,33.4787037037037,6.942218934749697,0.0,0.0,33.4787037037037,6.942218934749697
hybrid,agile_hybrid_EV_5kW_offset2p0h,89,5,46.66118518518518,5.025866311158769,0.0,0.0,46.66118518518518,5.025866311158769
hybrid,agile_hybrid_EV_5kW_offset2p0h,9,5,100.4019474301314,9.345089914330766,45.458169652353625,4.939024432019551,54.94377777777777,11.159211433684439
hybrid,agile_hybrid_EV_5kW_offset2p0h,90,5,59.06093086906211,6.784109254098469,5.262782720913963,1.456342745218773,53.798148148148144,5.434253608094849
hybrid,agile_hybrid_EV_5kW_offset2p0h,91,5,121.9055961205504,12.630230256679363,66.78378130573557,1.3717287227394066,55.12181481481481,13.414153175213606
hybrid,agile_hybrid_EV_5kW_offset2p0h,92,5,68.34299978334636,8.391245880057049,21.20188867223525,4.57542665342479,47.1411111111111,8.715855804450761
hybrid,agile_hybrid_EV_5kW_offset2p0h,93,5,650.5486605766048,13.368430816799576,594.5056976136418,6.016958836525486,56.04296296296296,9.924576044025013
hybrid,agile_hybrid_EV_5kW_offset2p0h,94,5,30.809231403049875,9.402497675042277,0.07074992156839685,0.1582016340297139,30.738481481481482,9.38775865923453
hybrid,agile_hybrid_EV_5kW_offset2p0h,95,5,111.5373465248103,11.826756741609083,60.09238356184735,10.284413774778058,51.44496296296296,6.838376021777855
hybrid,agile_hybrid_EV_5kW_offset2p0h,96,5,118.89047656777646,9.608166232408212,76.30231434555424,4.847438282060386,42.58816222222222,11.485424499801205
hybrid,agile_hybrid_EV_5kW_offset2p0h,97,5,160.0691008722336,4.564332810217453,123.95080457593731,9.090796850667466,36.11829629629629,9.2671086473482
hybrid,agile_hybrid_EV_5kW_offset2p0h,98,5,37.02764278011634,4.452758068248382,21.5539020393756,2.4877987679357396,15.473740740740741,3.4816557688841256
hybrid,agile_hybrid_EV_5kW_offset2p0h,99,5,35.48135155773669,6.7000787015802254,5.369870076255205,3.7212102949432437,30.11148148148148,4.124351366469823
